{
	"parent": "builtin/generated",
	"gui_light": "front",
	"display": {
		"thirdperson": {
			"rotation": [ -90, 0, 0 ],
            "translation": [ 0, 1, -3 ],
            "scale": [ 0.55, 0.55, 0.55 ]
		},
		"firstperson": {
			 "rotation": [ 0, -135, 25 ],
			"translation": [0, 3, 2],
			"scale": [1.3, 1.3, 1.3]
		},
		"ground": {
			"translation": [0, 2, 0],
			"scale": [1, 1, 1]
		},
		"head": {
			"rotation": [0, 180, 0],
			"translation": [0, 13, 7],
			"scale": [0.6, 0.6, 0.6]
		},
		"fixed": {
			"rotation": [0, 180, 0]
		}
	}
}