{
	"credit": "Made with Blockbench",
	"ambientocclusion": false,
	"textures": {
		"bottom": "blocks/cactus_bottom",
		"top": "blocks/cactus_top",
		"particle": "blocks/cactus_side",
		"side": "blocks/cactus_side"
	},
	"elements": [
		{
			"from": [1, 0, 0],
			"to": [15, 16, 16],
			"faces": {
				"east": {"uv": [0, 0, 16, 16], "texture": "#side"},
				"west": {"uv": [0, 0, 16, 16], "texture": "#side"}
			}
		},
		{
			"from": [0, 0, 1],
			"to": [16, 16, 15],
			"faces": {
				"north": {"uv": [0, 0, 16, 16], "texture": "#side"},
				"south": {"uv": [0, 0, 16, 16], "texture": "#side"}
			}
		},
		{
			"from": [10, 16, 11],
			"to": [11, 16.4, 12],
			"faces": {
				"north": {"uv": [10, 11, 11, 12], "texture": "#top"},
				"east": {"uv": [10, 11, 11, 12], "texture": "#top"},
				"south": {"uv": [10, 11, 11, 12], "texture": "#top"},
				"west": {"uv": [10, 11, 11, 12], "texture": "#top"},
				"up": {"uv": [10, 11, 11, 12], "texture": "#top"},
				"down": {"uv": [10, 11, 11, 12], "texture": "#top"}
			}
		},
		{
			"from": [9, 16, 10],
			"to": [12, 16.4, 11],
			"faces": {
				"north": {"uv": [9, 10, 12, 11], "texture": "#top"},
				"east": {"uv": [11, 10, 12, 11], "texture": "#top"},
				"south": {"uv": [9, 10, 12, 11], "texture": "#top"},
				"west": {"uv": [9, 10, 10, 11], "texture": "#top"},
				"up": {"uv": [9, 10, 12, 11], "texture": "#top"},
				"down": {"uv": [9, 10, 12, 11], "texture": "#top"}
			}
		},
		{
			"from": [10, 16, 9],
			"to": [11, 16.4, 10],
			"faces": {
				"north": {"uv": [10, 9, 11, 10], "texture": "#top"},
				"east": {"uv": [10, 9, 11, 10], "texture": "#top"},
				"south": {"uv": [10, 9, 11, 10], "texture": "#top"},
				"west": {"uv": [10, 9, 11, 10], "texture": "#top"},
				"up": {"uv": [10, 9, 11, 10], "texture": "#top"},
				"down": {"uv": [10, 9, 11, 10], "texture": "#top"}
			}
		},
		{
			"from": [3, 16, 13],
			"to": [4, 16.4, 14],
			"faces": {
				"north": {"uv": [3, 13, 4, 14], "texture": "#top"},
				"east": {"uv": [3, 13, 4, 14], "texture": "#top"},
				"south": {"uv": [3, 13, 4, 14], "texture": "#top"},
				"west": {"uv": [3, 13, 4, 14], "texture": "#top"},
				"up": {"uv": [3, 13, 4, 14], "texture": "#top"},
				"down": {"uv": [3, 13, 4, 14], "texture": "#top"}
			}
		},
		{
			"from": [2, 16, 12],
			"to": [5, 16.4, 13],
			"faces": {
				"north": {"uv": [2, 12, 5, 13], "texture": "#top"},
				"east": {"uv": [4, 12, 5, 13], "texture": "#top"},
				"south": {"uv": [2, 12, 5, 13], "texture": "#top"},
				"west": {"uv": [2, 12, 3, 13], "texture": "#top"},
				"up": {"uv": [2, 12, 5, 13], "texture": "#top"},
				"down": {"uv": [2, 12, 5, 13], "texture": "#top"}
			}
		},
		{
			"from": [3, 16, 11],
			"to": [4, 16.4, 12],
			"faces": {
				"north": {"uv": [3, 11, 4, 12], "texture": "#top"},
				"east": {"uv": [3, 11, 4, 12], "texture": "#top"},
				"south": {"uv": [3, 11, 4, 12], "texture": "#top"},
				"west": {"uv": [3, 11, 4, 12], "texture": "#top"},
				"up": {"uv": [3, 11, 4, 12], "texture": "#top"},
				"down": {"uv": [3, 11, 4, 12], "texture": "#top"}
			}
		},
		{
			"from": [5, 16, 5],
			"to": [6, 16.4, 6],
			"faces": {
				"north": {"uv": [5, 5, 6, 6], "texture": "#top"},
				"east": {"uv": [5, 5, 6, 6], "texture": "#top"},
				"south": {"uv": [5, 5, 6, 6], "texture": "#top"},
				"west": {"uv": [5, 5, 6, 6], "texture": "#top"},
				"up": {"uv": [5, 5, 6, 6], "texture": "#top"},
				"down": {"uv": [5, 5, 6, 6], "texture": "#top"}
			}
		},
		{
			"from": [4, 16, 4],
			"to": [7, 16.4, 5],
			"faces": {
				"north": {"uv": [4, 4, 7, 5], "texture": "#top"},
				"east": {"uv": [6, 4, 7, 5], "texture": "#top"},
				"south": {"uv": [4, 4, 7, 5], "texture": "#top"},
				"west": {"uv": [4, 4, 5, 5], "texture": "#top"},
				"up": {"uv": [4, 4, 7, 5], "texture": "#top"},
				"down": {"uv": [4, 4, 7, 5], "texture": "#top"}
			}
		},
		{
			"from": [5, 16, 3],
			"to": [6, 16.4, 4],
			"faces": {
				"north": {"uv": [5, 3, 6, 4], "texture": "#top"},
				"east": {"uv": [5, 3, 6, 4], "texture": "#top"},
				"south": {"uv": [5, 3, 6, 4], "texture": "#top"},
				"west": {"uv": [5, 3, 6, 4], "texture": "#top"},
				"up": {"uv": [5, 3, 6, 4], "texture": "#top"},
				"down": {"uv": [5, 3, 6, 4], "texture": "#top"}
			}
		},
		{
			"from": [9, 16, 10],
			"to": [10, 16.2, 11],
			"faces": {
				"north": {"uv": [9, 10, 10, 11], "texture": "#top"},
				"east": {"uv": [9, 10, 10, 11], "texture": "#top"},
				"south": {"uv": [9, 10, 10, 11], "texture": "#top"},
				"west": {"uv": [9, 10, 10, 11], "texture": "#top"},
				"up": {"uv": [9, 10, 10, 11], "texture": "#top"},
				"down": {"uv": [9, 10, 10, 11], "texture": "#top"}
			}
		},
		{
			"from": [11, 16, 10],
			"to": [12, 16.2, 11],
			"faces": {
				"north": {"uv": [11, 10, 12, 11], "texture": "#top"},
				"east": {"uv": [11, 10, 12, 11], "texture": "#top"},
				"south": {"uv": [11, 10, 12, 11], "texture": "#top"},
				"west": {"uv": [11, 10, 12, 11], "texture": "#top"},
				"up": {"uv": [11, 10, 12, 11], "texture": "#top"},
				"down": {"uv": [11, 10, 12, 11], "texture": "#top"}
			}
		},
		{
			"from": [10, 16, 9],
			"to": [11, 16.2, 10],
			"faces": {
				"north": {"uv": [10, 9, 11, 10], "texture": "#top"},
				"east": {"uv": [10, 9, 11, 10], "texture": "#top"},
				"south": {"uv": [10, 9, 11, 10], "texture": "#top"},
				"west": {"uv": [10, 9, 11, 10], "texture": "#top"},
				"up": {"uv": [10, 9, 11, 10], "texture": "#top"},
				"down": {"uv": [10, 9, 11, 10], "texture": "#top"}
			}
		},
		{
			"from": [10, 16, 11],
			"to": [11, 16.2, 12],
			"faces": {
				"north": {"uv": [10, 11, 11, 12], "texture": "#top"},
				"east": {"uv": [10, 11, 11, 12], "texture": "#top"},
				"south": {"uv": [10, 11, 11, 12], "texture": "#top"},
				"west": {"uv": [10, 11, 11, 12], "texture": "#top"},
				"up": {"uv": [10, 11, 11, 12], "texture": "#top"},
				"down": {"uv": [10, 11, 11, 12], "texture": "#top"}
			}
		},
		{
			"from": [3, 16, 11],
			"to": [4, 16.2, 12],
			"faces": {
				"north": {"uv": [3, 11, 4, 12], "texture": "#top"},
				"east": {"uv": [3, 11, 4, 12], "texture": "#top"},
				"south": {"uv": [3, 11, 4, 12], "texture": "#top"},
				"west": {"uv": [3, 11, 4, 12], "texture": "#top"},
				"up": {"uv": [3, 11, 4, 12], "texture": "#top"},
				"down": {"uv": [3, 11, 4, 12], "texture": "#top"}
			}
		},
		{
			"from": [2, 16, 12],
			"to": [3, 16.2, 13],
			"faces": {
				"north": {"uv": [2, 12, 3, 13], "texture": "#top"},
				"east": {"uv": [2, 12, 3, 13], "texture": "#top"},
				"south": {"uv": [2, 12, 3, 13], "texture": "#top"},
				"west": {"uv": [2, 12, 3, 13], "texture": "#top"},
				"up": {"uv": [2, 12, 3, 13], "texture": "#top"},
				"down": {"uv": [2, 12, 3, 13], "texture": "#top"}
			}
		},
		{
			"from": [4, 16, 12],
			"to": [5, 16.2, 13],
			"faces": {
				"north": {"uv": [4, 12, 5, 13], "texture": "#top"},
				"east": {"uv": [4, 12, 5, 13], "texture": "#top"},
				"south": {"uv": [4, 12, 5, 13], "texture": "#top"},
				"west": {"uv": [4, 12, 5, 13], "texture": "#top"},
				"up": {"uv": [4, 12, 5, 13], "texture": "#top"},
				"down": {"uv": [4, 12, 5, 13], "texture": "#top"}
			}
		},
		{
			"from": [3, 16, 13],
			"to": [4, 16.2, 14],
			"faces": {
				"north": {"uv": [3, 13, 4, 14], "texture": "#top"},
				"east": {"uv": [3, 13, 4, 14], "texture": "#top"},
				"south": {"uv": [3, 13, 4, 14], "texture": "#top"},
				"west": {"uv": [3, 13, 4, 14], "texture": "#top"},
				"up": {"uv": [3, 13, 4, 14], "texture": "#top"},
				"down": {"uv": [3, 13, 4, 14], "texture": "#top"}
			}
		},
		{
			"from": [5, 16, 3],
			"to": [6, 16.2, 4],
			"faces": {
				"north": {"uv": [5, 3, 6, 4], "texture": "#top"},
				"east": {"uv": [5, 3, 6, 4], "texture": "#top"},
				"south": {"uv": [5, 3, 6, 4], "texture": "#top"},
				"west": {"uv": [5, 3, 6, 4], "texture": "#top"},
				"up": {"uv": [5, 3, 6, 4], "texture": "#top"},
				"down": {"uv": [5, 3, 6, 4], "texture": "#top"}
			}
		},
		{
			"from": [4, 16, 4],
			"to": [5, 16.2, 5],
			"faces": {
				"north": {"uv": [4, 4, 5, 5], "texture": "#top"},
				"east": {"uv": [4, 4, 5, 5], "texture": "#top"},
				"south": {"uv": [4, 4, 5, 5], "texture": "#top"},
				"west": {"uv": [4, 4, 5, 5], "texture": "#top"},
				"up": {"uv": [4, 4, 5, 5], "texture": "#top"},
				"down": {"uv": [4, 4, 5, 5], "texture": "#top"}
			}
		},
		{
			"from": [6, 16, 4],
			"to": [7, 16.2, 5],
			"faces": {
				"north": {"uv": [6, 4, 7, 5], "texture": "#top"},
				"east": {"uv": [6, 4, 7, 5], "texture": "#top"},
				"south": {"uv": [6, 4, 7, 5], "texture": "#top"},
				"west": {"uv": [6, 4, 7, 5], "texture": "#top"},
				"up": {"uv": [6, 4, 7, 5], "texture": "#top"},
				"down": {"uv": [6, 4, 7, 5], "texture": "#top"}
			}
		},
		{
			"from": [5, 16, 5],
			"to": [6, 16.2, 6],
			"faces": {
				"north": {"uv": [5, 5, 6, 6], "texture": "#top"},
				"east": {"uv": [5, 5, 6, 6], "texture": "#top"},
				"south": {"uv": [5, 5, 6, 6], "texture": "#top"},
				"west": {"uv": [5, 5, 6, 6], "texture": "#top"},
				"up": {"uv": [5, 5, 6, 6], "texture": "#top"},
				"down": {"uv": [5, 5, 6, 6], "texture": "#top"}
			}
		},
		{
			"from": [0, 0, 0],
			"to": [16, 16, 16],
			"faces": {
				"up": {"uv": [0, 0, 16, 16], "texture": "#top", "cullface": "up"},
				"down": {"uv": [0, 0, 16, 16], "texture": "#bottom", "cullface": "down"}
			}
		},
		{
			"from": [0, 0, 1],
			"to": [16, 16, 15],
			"faces": {
				"north": {"uv": [0, 0, 16, 16], "texture": "#side"},
				"south": {"uv": [0, 0, 16, 16], "texture": "#side"}
			}
		},
		{
			"from": [1, 0, 0],
			"to": [15, 16, 16],
			"faces": {
				"east": {"uv": [0, 0, 16, 16], "texture": "#side"},
				"west": {"uv": [0, 0, 16, 16], "texture": "#side"}
			}
		}
	],
	"groups": [
		{
			"name": "group",
			"origin": [0, 0, 0],
			"color": 0,
			"children": [0, 1, 2, 3, 4, 5, 6, 7, 8, 9, 10]
		},
		{
			"name": "group",
			"origin": [0, 0, 0],
			"color": 0,
			"children": [
				{
					"name": "group",
					"origin": [0, 0, 0],
					"color": 0,
					"children": []
				},
				{
					"name": "group",
					"origin": [0, 0, 0],
					"color": 0,
					"children": []
				},
				{
					"name": "group",
					"origin": [0, 0, 0],
					"color": 0,
					"children": []
				},
				{
					"name": "group",
					"origin": [0, 0, 0],
					"color": 0,
					"children": []
				},
				{
					"name": "group",
					"origin": [0, 0, 0],
					"color": 0,
					"children": []
				}
			]
		},
		{
			"name": "group",
			"origin": [0, 0, 0],
			"color": 0,
			"children": [11, 12, 13, 14, 15, 16, 17, 18, 19, 20, 21, 22, 23, 24, 25]
		}
	]
}