{
	"credit": "Made with Blockbench",
	"ambientocclusion": false,
	"textures": {
		"rail": "blocks/#rail",
		"particle": "blocks/rail_normal"
	},
	"elements": [
		{
			"from": [2, 0, 0],
			"to": [4, 1, 16],
			"faces": {
				"north": {"uv": [2, 15, 4, 16], "rotation": 180, "texture": "#rail"},
				"east": {"uv": [12, 0, 13, 16], "rotation": 90, "texture": "#rail"},
				"south": {"uv": [2, 0, 4, 1], "texture": "#rail"},
				"west": {"uv": [13, 0, 14, 16], "rotation": 90, "texture": "#rail"},
				"up": {"uv": [2, 0, 4, 16], "texture": "#rail"},
				"down": {"uv": [2, 0, 4, 16], "texture": "#rail"}
			}
		},
		{
			"from": [1, 0, 1],
			"to": [2, 1, 3],
			"faces": {
				"north": {"uv": [1, 2, 2, 3], "rotation": 180, "texture": "#rail"},
				"east": {"uv": [1, 1, 2, 3], "rotation": 180, "texture": "#rail"},
				"south": {"uv": [1, 1, 2, 2], "rotation": 180, "texture": "#rail"},
				"west": {"uv": [1, 1, 2, 3], "rotation": 90, "texture": "#rail"},
				"up": {"uv": [1, 1, 2, 3], "rotation": 180, "texture": "#rail"},
				"down": {"uv": [1, 1, 2, 3], "texture": "#rail"}
			}
		},
		{
			"from": [4, 0, 13],
			"to": [12, 1, 15],
			"faces": {
				"north": {"uv": [4, 14, 12, 15], "texture": "#rail"},
				"east": {"uv": [4, 13, 12, 15], "rotation": 90, "texture": "#rail"},
				"south": {"uv": [4, 13, 12, 14], "rotation": 180, "texture": "#rail"},
				"west": {"uv": [4, 13, 12, 15], "rotation": 90, "texture": "#rail"},
				"up": {"uv": [4, 13, 12, 15], "rotation": 180, "texture": "#rail"},
				"down": {"uv": [4, 13, 12, 15], "texture": "#rail"}
			}
		},
		{
			"from": [4, 0, 1],
			"to": [12, 1, 3],
			"faces": {
				"north": {"uv": [4, 2, 12, 3], "rotation": 180, "texture": "#rail"},
				"east": {"uv": [4, 1, 12, 3], "rotation": 90, "texture": "#rail"},
				"south": {"uv": [4, 1, 12, 2], "rotation": 180, "texture": "#rail"},
				"west": {"uv": [4, 1, 12, 3], "rotation": 90, "texture": "#rail"},
				"up": {"uv": [4, 1, 12, 3], "rotation": 180, "texture": "#rail"},
				"down": {"uv": [4, 1, 12, 3], "texture": "#rail"}
			}
		},
		{
			"from": [1, 0, 5],
			"to": [2, 1, 7],
			"faces": {
				"north": {"uv": [1, 6, 2, 7], "rotation": 180, "texture": "#rail"},
				"east": {"uv": [1, 5, 2, 7], "rotation": 180, "texture": "#rail"},
				"south": {"uv": [1, 5, 2, 6], "rotation": 180, "texture": "#rail"},
				"west": {"uv": [1, 5, 2, 7], "rotation": 90, "texture": "#rail"},
				"up": {"uv": [1, 5, 2, 7], "rotation": 180, "texture": "#rail"},
				"down": {"uv": [1, 5, 2, 7], "texture": "#rail"}
			}
		},
		{
			"from": [1, 0, 9],
			"to": [2, 1, 11],
			"faces": {
				"north": {"uv": [1, 10, 2, 11], "rotation": 180, "texture": "#rail"},
				"east": {"uv": [1, 9, 2, 11], "rotation": 180, "texture": "#rail"},
				"south": {"uv": [1, 9, 2, 10], "rotation": 180, "texture": "#rail"},
				"west": {"uv": [1, 9, 2, 11], "rotation": 90, "texture": "#rail"},
				"up": {"uv": [1, 9, 2, 11], "rotation": 180, "texture": "#rail"},
				"down": {"uv": [1, 9, 2, 11], "texture": "#rail"}
			}
		},
		{
			"from": [1, 0, 13],
			"to": [2, 1, 15],
			"faces": {
				"north": {"uv": [1, 14, 2, 15], "rotation": 180, "texture": "#rail"},
				"east": {"uv": [1, 13, 2, 15], "rotation": 180, "texture": "#rail"},
				"south": {"uv": [1, 13, 2, 14], "rotation": 180, "texture": "#rail"},
				"west": {"uv": [1, 13, 2, 15], "rotation": 90, "texture": "#rail"},
				"up": {"uv": [1, 13, 2, 15], "rotation": 180, "texture": "#rail"},
				"down": {"uv": [1, 13, 2, 15], "texture": "#rail"}
			}
		},
		{
			"from": [14, 0, 1],
			"to": [15, 1, 3],
			"faces": {
				"north": {"uv": [14, 2, 15, 3], "rotation": 180, "texture": "#rail"},
				"east": {"uv": [14, 1, 15, 3], "rotation": 270, "texture": "#rail"},
				"south": {"uv": [14, 1, 15, 2], "rotation": 180, "texture": "#rail"},
				"west": {"uv": [14, 1, 15, 3], "rotation": 180, "texture": "#rail"},
				"up": {"uv": [14, 1, 15, 3], "rotation": 180, "texture": "#rail"},
				"down": {"uv": [14, 1, 15, 3], "texture": "#rail"}
			}
		},
		{
			"from": [14, 0, 5],
			"to": [15, 1, 7],
			"faces": {
				"north": {"uv": [14, 6, 15, 7], "rotation": 180, "texture": "#rail"},
				"east": {"uv": [14, 5, 15, 7], "rotation": 270, "texture": "#rail"},
				"south": {"uv": [14, 5, 15, 6], "rotation": 180, "texture": "#rail"},
				"west": {"uv": [14, 5, 15, 7], "rotation": 180, "texture": "#rail"},
				"up": {"uv": [14, 5, 15, 7], "rotation": 180, "texture": "#rail"},
				"down": {"uv": [14, 5, 15, 7], "texture": "#rail"}
			}
		},
		{
			"from": [14, 0, 9],
			"to": [15, 1, 11],
			"faces": {
				"north": {"uv": [14, 10, 15, 11], "rotation": 180, "texture": "#rail"},
				"east": {"uv": [14, 9, 15, 11], "rotation": 270, "texture": "#rail"},
				"south": {"uv": [14, 9, 15, 10], "rotation": 180, "texture": "#rail"},
				"west": {"uv": [14, 9, 15, 11], "rotation": 180, "texture": "#rail"},
				"up": {"uv": [14, 9, 15, 11], "rotation": 180, "texture": "#rail"},
				"down": {"uv": [14, 9, 15, 11], "texture": "#rail"}
			}
		},
		{
			"from": [14, 0, 13],
			"to": [15, 1, 15],
			"faces": {
				"north": {"uv": [14, 14, 15, 15], "rotation": 180, "texture": "#rail"},
				"east": {"uv": [14, 13, 15, 15], "rotation": 270, "texture": "#rail"},
				"south": {"uv": [14, 13, 15, 14], "rotation": 180, "texture": "#rail"},
				"west": {"uv": [14, 13, 15, 15], "rotation": 180, "texture": "#rail"},
				"up": {"uv": [14, 13, 15, 15], "rotation": 180, "texture": "#rail"},
				"down": {"uv": [14, 13, 15, 15], "texture": "#rail"}
			}
		},
		{
			"from": [12, 0, 0],
			"to": [14, 1, 16],
			"faces": {
				"north": {"uv": [12, 15, 14, 16], "rotation": 180, "texture": "#rail"},
				"east": {"uv": [2, 0, 3, 16], "rotation": 90, "texture": "#rail"},
				"south": {"uv": [12, 0, 14, 1], "texture": "#rail"},
				"west": {"uv": [3, 0, 4, 16], "rotation": 90, "texture": "#rail"},
				"up": {"uv": [12, 0, 14, 16], "texture": "#rail"},
				"down": {"uv": [12, 0, 14, 16], "texture": "#rail"}
			}
		},
		{
			"from": [7, 0, 3],
			"to": [9, 1, 5],
			"faces": {
				"north": {"uv": [7, 3, 9, 5], "texture": "#rail"},
				"east": {"uv": [8, 3, 9, 5], "rotation": 90, "texture": "#rail"},
				"south": {"uv": [7, 3, 9, 5], "texture": "#rail"},
				"west": {"uv": [7, 3, 8, 5], "rotation": 270, "texture": "#rail"},
				"up": {"uv": [7, 3, 9, 5], "texture": "#rail"},
				"down": {"uv": [7, 3, 9, 5], "rotation": 270, "texture": "#rail"}
			}
		},
		{
			"from": [7, 0, 11],
			"to": [9, 1, 13],
			"faces": {
				"north": {"uv": [7, 11, 9, 13], "texture": "#rail"},
				"east": {"uv": [8, 11, 9, 13], "rotation": 90, "texture": "#rail"},
				"south": {"uv": [7, 11, 9, 13], "texture": "#rail"},
				"west": {"uv": [7, 11, 8, 13], "rotation": 270, "texture": "#rail"},
				"up": {"uv": [7, 11, 9, 13], "texture": "#rail"},
				"down": {"uv": [7, 13, 9, 11], "texture": "#rail"}
			}
		},
		{
			"from": [5, -0.025, 4.975],
			"to": [11, 1.025, 11.025],
			"faces": {
				"north": {"uv": [5, 10, 11, 11], "texture": "#rail"},
				"east": {"uv": [5, 5, 6, 11], "rotation": 90, "texture": "#rail"},
				"south": {"uv": [5, 5, 11, 6], "texture": "#rail"},
				"west": {"uv": [10, 5, 11, 11], "rotation": 270, "texture": "#rail"},
				"up": {"uv": [5, 5, 11, 11], "texture": "#rail"},
				"down": {"uv": [5, 5, 11, 11], "texture": "#rail"}
			}
		},
		{
			"from": [11, -0.025, 0],
			"to": [12, 1.025, 16],
			"faces": {
				"north": {"uv": [4, 15, 5, 16], "texture": "#rail"},
				"east": {"uv": [4, 0, 5, 16], "texture": "#rail"},
				"south": {"uv": [4, 0, 5, 1], "texture": "#rail"},
				"west": {"uv": [4, 0, 5, 16], "rotation": 270, "texture": "#rail"},
				"up": {"uv": [4, 0, 5, 16], "texture": "#rail"},
				"down": {"uv": [4, 0, 5, 16], "texture": "#rail"}
			}
		},
		{
			"from": [4, -0.025, 0],
			"to": [5, 1.025, 16],
			"faces": {
				"north": {"uv": [11, 15, 12, 16], "texture": "#rail"},
				"east": {"uv": [11, 0, 12, 16], "rotation": 90, "texture": "#rail"},
				"south": {"uv": [11, 0, 12, 1], "texture": "#rail"},
				"west": {"uv": [11, 0, 12, 16], "texture": "#rail"},
				"up": {"uv": [11, 0, 12, 16], "texture": "#rail"},
				"down": {"uv": [11, 0, 12, 16], "texture": "#rail"}
			}
		},
		{
			"from": [4, 0, 5],
			"to": [12, 1, 7],
			"faces": {
				"north": {"uv": [4, 6, 12, 7], "rotation": 180, "texture": "#particle"},
				"east": {"uv": [4, 5, 12, 7], "rotation": 90, "texture": "#particle"},
				"south": {"uv": [4, 5, 12, 6], "rotation": 180, "texture": "#particle"},
				"west": {"uv": [4, 5, 12, 7], "rotation": 90, "texture": "#particle"},
				"up": {"uv": [4, 5, 12, 7], "rotation": 180, "texture": "#particle"},
				"down": {"uv": [4, 5, 12, 7], "texture": "#particle"}
			}
		},
		{
			"from": [4, 0, 9],
			"to": [12, 1, 11],
			"faces": {
				"north": {"uv": [4, 10, 12, 11], "rotation": 180, "texture": "#particle"},
				"east": {"uv": [4, 9, 12, 11], "rotation": 90, "texture": "#particle"},
				"south": {"uv": [4, 9, 12, 10], "rotation": 180, "texture": "#particle"},
				"west": {"uv": [4, 9, 12, 11], "rotation": 90, "texture": "#particle"},
				"up": {"uv": [4, 9, 12, 11], "rotation": 180, "texture": "#particle"},
				"down": {"uv": [4, 9, 12, 11], "texture": "#particle"}
			}
		},
		{
			"from": [7, 0, 7],
			"to": [9, 1, 9],
			"faces": {
				"north": {"uv": [7, 7, 9, 9], "texture": "#particle"},
				"east": {"uv": [8, 7, 9, 9], "rotation": 90, "texture": "#particle"},
				"south": {"uv": [7, 7, 9, 9], "texture": "#particle"},
				"west": {"uv": [7, 7, 8, 9], "rotation": 270, "texture": "#particle"},
				"up": {"uv": [7, 7, 9, 9], "texture": "#particle"},
				"down": {"uv": [7, 9, 9, 7], "texture": "#particle"}
			}
		}
	]
}