{
	"credit": "Made with Blockbench",
	"ambientocclusion": false,
	"textures": {
		"particle": "#rail"
	},
	"elements": [
		{
			"from": [2, -0.01094, -0.58568],
			"to": [4, 0.98906, 0.41432],
			"rotation": {"angle": 0, "axis": "y", "origin": [8, 7.54347, 7.11518]},
			"faces": {
				"north": {"uv": [14, 15, 12, 16], "rotation": 180, "texture": "#rail"},
				"east": {"uv": [12, 15, 13, 16], "texture": "#rail"},
				"south": {"uv": [0, 0, 2, 1], "texture": "#rail"},
				"west": {"uv": [13, 15, 14, 16], "texture": "#rail"},
				"up": {"uv": [12, 15, 14, 16], "rotation": 180, "texture": "#rail"},
				"down": {"uv": [12, 15, 14, 16], "rotation": 180, "texture": "#rail"}
			}
		},
		{
			"from": [7, 6.93992, 7.11518],
			"to": [9, 7.93992, 9.99518],
			"rotation": {"angle": -45, "axis": "x", "origin": [8, 7.54347, 7.11518]},
			"faces": {
				"north": {"uv": [7, 7, 9, 9], "texture": "#rail"},
				"east": {"uv": [7, 7, 8, 9], "rotation": 270, "texture": "#rail"},
				"south": {"uv": [7, 7, 9, 9], "texture": "#rail"},
				"west": {"uv": [8, 7, 9, 9], "rotation": 90, "texture": "#rail"},
				"up": {"uv": [7, 7, 9, 9], "rotation": 180, "texture": "#rail"},
				"down": {"uv": [7, 9, 9, 7], "rotation": 180, "texture": "#rail"}
			}
		},
		{
			"from": [12, 6.93992, -2.96482],
			"to": [14, 7.93992, 20.07518],
			"rotation": {"angle": -45, "axis": "x", "origin": [8, 7.54347, 7.11518]},
			"faces": {
				"north": {"uv": [2, 0, 4, 1], "texture": "#rail"},
				"east": {"uv": [13, 0, 14, 16], "rotation": 90, "texture": "#rail"},
				"south": {"uv": [2, 15, 4, 16], "rotation": 180, "texture": "#rail"},
				"west": {"uv": [12, 0, 13, 16], "rotation": 90, "texture": "#rail"},
				"up": {"uv": [2, 0, 4, 16], "rotation": 180, "texture": "#rail"},
				"down": {"uv": [2, 0, 4, 16], "rotation": 180, "texture": "#rail"}
			}
		},
		{
			"from": [14, 6.93992, 15.75518],
			"to": [15, 7.93992, 18.63518],
			"rotation": {"angle": -45, "axis": "x", "origin": [8, 7.54347, 7.11518]},
			"faces": {
				"north": {"uv": [1, 1, 2, 2], "rotation": 180, "texture": "#rail"},
				"east": {"uv": [1, 1, 2, 3], "rotation": 90, "texture": "#rail"},
				"south": {"uv": [1, 2, 2, 3], "rotation": 180, "texture": "#rail"},
				"west": {"uv": [1, 1, 2, 3], "rotation": 180, "texture": "#rail"},
				"up": {"uv": [1, 1, 2, 3], "texture": "#rail"},
				"down": {"uv": [1, 1, 2, 3], "rotation": 180, "texture": "#rail"}
			}
		},
		{
			"from": [4, 6.93992, -1.52482],
			"to": [12, 7.93992, 1.35518],
			"rotation": {"angle": -45, "axis": "x", "origin": [8, 7.54347, 7.11518]},
			"faces": {
				"north": {"uv": [4, 13, 12, 14], "rotation": 180, "texture": "#rail"},
				"east": {"uv": [4, 13, 12, 15], "rotation": 90, "texture": "#rail"},
				"south": {"uv": [4, 14, 12, 15], "texture": "#rail"},
				"west": {"uv": [4, 13, 12, 15], "rotation": 90, "texture": "#rail"},
				"up": {"uv": [4, 13, 12, 15], "texture": "#rail"},
				"down": {"uv": [4, 13, 12, 15], "rotation": 180, "texture": "#rail"}
			}
		},
		{
			"from": [14, 6.93992, 9.99518],
			"to": [15, 7.93992, 12.87518],
			"rotation": {"angle": -45, "axis": "x", "origin": [8, 7.54347, 7.11518]},
			"faces": {
				"north": {"uv": [1, 5, 2, 6], "rotation": 180, "texture": "#rail"},
				"east": {"uv": [1, 5, 2, 7], "rotation": 90, "texture": "#rail"},
				"south": {"uv": [1, 6, 2, 7], "rotation": 180, "texture": "#rail"},
				"west": {"uv": [1, 5, 2, 7], "rotation": 180, "texture": "#rail"},
				"up": {"uv": [1, 5, 2, 7], "texture": "#rail"},
				"down": {"uv": [1, 5, 2, 7], "rotation": 180, "texture": "#rail"}
			}
		},
		{
			"from": [4, 6.93992, 15.75518],
			"to": [12, 7.93992, 18.63518],
			"rotation": {"angle": -45, "axis": "x", "origin": [8, 7.54347, 7.11518]},
			"faces": {
				"north": {"uv": [4, 1, 12, 2], "rotation": 180, "texture": "#rail"},
				"east": {"uv": [4, 1, 12, 3], "rotation": 90, "texture": "#rail"},
				"south": {"uv": [4, 2, 12, 3], "rotation": 180, "texture": "#rail"},
				"west": {"uv": [4, 1, 12, 3], "rotation": 90, "texture": "#rail"},
				"up": {"uv": [4, 1, 12, 3], "texture": "#rail"},
				"down": {"uv": [4, 1, 12, 3], "rotation": 180, "texture": "#rail"}
			}
		},
		{
			"from": [14, 6.93992, 4.23518],
			"to": [15, 7.93992, 7.11518],
			"rotation": {"angle": -45, "axis": "x", "origin": [8, 7.54347, 7.11518]},
			"faces": {
				"north": {"uv": [1, 9, 2, 10], "rotation": 180, "texture": "#rail"},
				"east": {"uv": [1, 9, 2, 11], "rotation": 90, "texture": "#rail"},
				"south": {"uv": [1, 10, 2, 11], "rotation": 180, "texture": "#rail"},
				"west": {"uv": [1, 9, 2, 11], "rotation": 180, "texture": "#rail"},
				"up": {"uv": [1, 9, 2, 11], "texture": "#rail"},
				"down": {"uv": [1, 9, 2, 11], "rotation": 180, "texture": "#rail"}
			}
		},
		{
			"from": [14, 6.93992, -1.52482],
			"to": [15, 7.93992, 1.35518],
			"rotation": {"angle": -45, "axis": "x", "origin": [8, 7.54347, 7.11518]},
			"faces": {
				"north": {"uv": [1, 13, 2, 14], "rotation": 180, "texture": "#rail"},
				"east": {"uv": [1, 13, 2, 15], "rotation": 90, "texture": "#rail"},
				"south": {"uv": [1, 14, 2, 15], "rotation": 180, "texture": "#rail"},
				"west": {"uv": [1, 13, 2, 15], "rotation": 180, "texture": "#rail"},
				"up": {"uv": [1, 13, 2, 15], "texture": "#rail"},
				"down": {"uv": [1, 13, 2, 15], "rotation": 180, "texture": "#rail"}
			}
		},
		{
			"from": [1, 6.93992, 15.75518],
			"to": [2, 7.93992, 18.63518],
			"rotation": {"angle": -45, "axis": "x", "origin": [8, 7.54347, 7.11518]},
			"faces": {
				"north": {"uv": [14, 1, 15, 2], "rotation": 180, "texture": "#rail"},
				"east": {"uv": [14, 1, 15, 3], "rotation": 180, "texture": "#rail"},
				"south": {"uv": [14, 2, 15, 3], "rotation": 180, "texture": "#rail"},
				"west": {"uv": [14, 1, 15, 3], "rotation": 270, "texture": "#rail"},
				"up": {"uv": [14, 1, 15, 3], "texture": "#rail"},
				"down": {"uv": [14, 1, 15, 3], "rotation": 180, "texture": "#rail"}
			}
		},
		{
			"from": [1, 6.93992, 9.99518],
			"to": [2, 7.93992, 12.87518],
			"rotation": {"angle": -45, "axis": "x", "origin": [8, 7.54347, 7.11518]},
			"faces": {
				"north": {"uv": [14, 5, 15, 6], "rotation": 180, "texture": "#rail"},
				"east": {"uv": [14, 5, 15, 7], "rotation": 180, "texture": "#rail"},
				"south": {"uv": [14, 6, 15, 7], "rotation": 180, "texture": "#rail"},
				"west": {"uv": [14, 5, 15, 7], "rotation": 270, "texture": "#rail"},
				"up": {"uv": [14, 5, 15, 7], "texture": "#rail"},
				"down": {"uv": [14, 5, 15, 7], "rotation": 180, "texture": "#rail"}
			}
		},
		{
			"from": [1, 6.93992, 4.23518],
			"to": [2, 7.93992, 7.11518],
			"rotation": {"angle": -45, "axis": "x", "origin": [8, 7.54347, 7.11518]},
			"faces": {
				"north": {"uv": [14, 9, 15, 10], "rotation": 180, "texture": "#rail"},
				"east": {"uv": [14, 9, 15, 11], "rotation": 180, "texture": "#rail"},
				"south": {"uv": [14, 10, 15, 11], "rotation": 180, "texture": "#rail"},
				"west": {"uv": [14, 9, 15, 11], "rotation": 270, "texture": "#rail"},
				"up": {"uv": [14, 9, 15, 11], "texture": "#rail"},
				"down": {"uv": [14, 9, 15, 11], "rotation": 180, "texture": "#rail"}
			}
		},
		{
			"from": [1, 6.93992, -1.52482],
			"to": [2, 7.93992, 1.35518],
			"rotation": {"angle": -45, "axis": "x", "origin": [8, 7.54347, 7.11518]},
			"faces": {
				"north": {"uv": [14, 13, 15, 14], "rotation": 180, "texture": "#rail"},
				"east": {"uv": [14, 13, 15, 15], "rotation": 180, "texture": "#rail"},
				"south": {"uv": [14, 14, 15, 15], "rotation": 180, "texture": "#rail"},
				"west": {"uv": [14, 13, 15, 15], "rotation": 270, "texture": "#rail"},
				"up": {"uv": [14, 13, 15, 15], "texture": "#rail"},
				"down": {"uv": [14, 13, 15, 15], "rotation": 180, "texture": "#rail"}
			}
		},
		{
			"from": [2, 6.93992, -2.96482],
			"to": [4, 7.93992, 20.07518],
			"rotation": {"angle": -45, "axis": "x", "origin": [8, 7.54347, 7.11518]},
			"faces": {
				"north": {"uv": [12, 0, 14, 1], "texture": "#rail"},
				"east": {"uv": [3, 0, 4, 16], "rotation": 90, "texture": "#rail"},
				"south": {"uv": [12, 15, 14, 16], "rotation": 180, "texture": "#rail"},
				"west": {"uv": [2, 0, 3, 16], "rotation": 90, "texture": "#rail"},
				"up": {"uv": [12, 0, 14, 16], "rotation": 180, "texture": "#rail"},
				"down": {"uv": [12, 0, 14, 16], "rotation": 180, "texture": "#rail"}
			}
		},
		{
			"from": [7, 6.93992, 12.87518],
			"to": [9, 7.93992, 15.75518],
			"rotation": {"angle": -45, "axis": "x", "origin": [8, 7.54347, 7.11518]},
			"faces": {
				"north": {"uv": [7, 3, 9, 5], "texture": "#rail"},
				"east": {"uv": [7, 3, 8, 5], "rotation": 270, "texture": "#rail"},
				"south": {"uv": [7, 3, 9, 5], "texture": "#rail"},
				"west": {"uv": [8, 3, 9, 5], "rotation": 90, "texture": "#rail"},
				"up": {"uv": [7, 3, 9, 5], "rotation": 180, "texture": "#rail"},
				"down": {"uv": [7, 3, 9, 5], "rotation": 90, "texture": "#rail"}
			}
		},
		{
			"from": [7, 6.93992, 1.35518],
			"to": [9, 7.93992, 4.23518],
			"rotation": {"angle": -45, "axis": "x", "origin": [8, 7.54347, 7.11518]},
			"faces": {
				"north": {"uv": [7, 11, 9, 13], "texture": "#rail"},
				"east": {"uv": [7, 11, 8, 13], "rotation": 270, "texture": "#rail"},
				"south": {"uv": [7, 11, 9, 13], "texture": "#rail"},
				"west": {"uv": [8, 11, 9, 13], "rotation": 90, "texture": "#rail"},
				"up": {"uv": [7, 11, 9, 13], "rotation": 180, "texture": "#rail"},
				"down": {"uv": [7, 13, 9, 11], "rotation": 180, "texture": "#rail"}
			}
		},
		{
			"from": [5, 6.91492, 4.24018],
			"to": [11, 7.96492, 12.87718],
			"rotation": {"angle": -45, "axis": "x", "origin": [8, 7.54347, 7.11518]},
			"faces": {
				"north": {"uv": [5, 5, 11, 6], "texture": "#rail"},
				"east": {"uv": [10, 5, 11, 11], "rotation": 270, "texture": "#rail"},
				"south": {"uv": [5, 10, 11, 11], "texture": "#rail"},
				"west": {"uv": [5, 5, 6, 11], "rotation": 90, "texture": "#rail"},
				"up": {"uv": [5, 5, 11, 11], "rotation": 180, "texture": "#rail"},
				"down": {"uv": [5, 5, 11, 11], "rotation": 180, "texture": "#rail"}
			}
		},
		{
			"from": [4, 6.91492, -2.96482],
			"to": [5, 7.96492, 20.07518],
			"rotation": {"angle": -45, "axis": "x", "origin": [8, 7.54347, 7.11518]},
			"faces": {
				"north": {"uv": [4, 0, 5, 1], "texture": "#rail"},
				"east": {"uv": [4, 0, 5, 16], "rotation": 270, "texture": "#rail"},
				"south": {"uv": [4, 15, 5, 16], "texture": "#rail"},
				"west": {"uv": [4, 0, 5, 16], "texture": "#rail"},
				"up": {"uv": [4, 0, 5, 16], "rotation": 180, "texture": "#rail"},
				"down": {"uv": [4, 0, 5, 16], "rotation": 180, "texture": "#rail"}
			}
		},
		{
			"from": [11, 6.91492, -2.96482],
			"to": [12, 7.96492, 20.07518],
			"rotation": {"angle": -45, "axis": "x", "origin": [8, 7.54347, 7.11518]},
			"faces": {
				"north": {"uv": [11, 0, 12, 1], "texture": "#rail"},
				"east": {"uv": [11, 0, 12, 16], "texture": "#rail"},
				"south": {"uv": [11, 15, 12, 16], "texture": "#rail"},
				"west": {"uv": [11, 0, 12, 16], "rotation": 90, "texture": "#rail"},
				"up": {"uv": [11, 0, 12, 16], "rotation": 180, "texture": "#rail"},
				"down": {"uv": [11, 0, 12, 16], "rotation": 180, "texture": "#rail"}
			}
		},
		{
			"from": [4, 6.93992, 9.99518],
			"to": [12, 7.93992, 12.87518],
			"rotation": {"angle": -45, "axis": "x", "origin": [8, 7.54347, 7.11518]},
			"faces": {
				"north": {"uv": [4, 5, 12, 6], "rotation": 180, "texture": "#rail"},
				"east": {"uv": [4, 5, 12, 7], "rotation": 90, "texture": "#rail"},
				"south": {"uv": [4, 6, 12, 7], "rotation": 180, "texture": "#rail"},
				"west": {"uv": [4, 5, 12, 7], "rotation": 90, "texture": "#rail"},
				"up": {"uv": [4, 5, 12, 7], "texture": "#rail"},
				"down": {"uv": [4, 5, 12, 7], "rotation": 180, "texture": "#rail"}
			}
		},
		{
			"from": [4, 6.93992, 4.23518],
			"to": [12, 7.93992, 7.11518],
			"rotation": {"angle": -45, "axis": "x", "origin": [8, 7.54347, 7.11518]},
			"faces": {
				"north": {"uv": [4, 9, 12, 10], "rotation": 180, "texture": "#rail"},
				"east": {"uv": [4, 9, 12, 11], "rotation": 90, "texture": "#rail"},
				"south": {"uv": [4, 10, 12, 11], "rotation": 180, "texture": "#rail"},
				"west": {"uv": [4, 9, 12, 11], "rotation": 90, "texture": "#rail"},
				"up": {"uv": [4, 9, 12, 11], "texture": "#rail"},
				"down": {"uv": [4, 9, 12, 11], "rotation": 180, "texture": "#rail"}
			}
		},
		{
			"from": [12, -0.01094, -0.58568],
			"to": [14, 0.98906, 0.41432],
			"rotation": {"angle": 0, "axis": "y", "origin": [8, 7.54347, 7.11518]},
			"faces": {
				"north": {"uv": [4, 15, 2, 16], "rotation": 180, "texture": "#rail"},
				"east": {"uv": [2, 15, 3, 16], "texture": "#rail"},
				"south": {"uv": [0, 0, 2, 1], "texture": "#rail"},
				"west": {"uv": [3, 15, 4, 16], "texture": "#rail"},
				"up": {"uv": [2, 15, 4, 16], "rotation": 180, "texture": "#rail"},
				"down": {"uv": [2, 15, 4, 16], "rotation": 180, "texture": "#rail"}
			}
		}
	]
}