{
	"credit": "Made with Blockbench",
	"ambientocclusion": false,
	"textures": {
		"particle": "#rail"
	},
	"elements": [
		{
			"from": [7, 10.2, 12.09],
			"to": [9, 11.2, 14.97],
			"rotation": {"angle": 45, "axis": "x", "origin": [8, 16.525, 8.025]},
			"faces": {
				"north": {"uv": [7, 7, 9, 9], "texture": "#rail"},
				"east": {"uv": [8, 7, 9, 9], "rotation": 90, "texture": "#rail"},
				"south": {"uv": [7, 7, 9, 9], "texture": "#rail"},
				"west": {"uv": [7, 7, 8, 9], "rotation": 270, "texture": "#rail"},
				"up": {"uv": [7, 7, 9, 9], "texture": "#rail"},
				"down": {"uv": [7, 9, 9, 7], "texture": "#rail"}
			}
		},
		{
			"from": [2, 10.2, 2.01],
			"to": [4, 11.2, 25.05],
			"rotation": {"angle": 45, "axis": "x", "origin": [8, 16.525, 8.025]},
			"faces": {
				"north": {"uv": [2, 15, 4, 16], "rotation": 180, "texture": "#rail"},
				"east": {"uv": [12, 0, 13, 16], "rotation": 90, "texture": "#rail"},
				"south": {"uv": [2, 0, 4, 1], "texture": "#rail"},
				"west": {"uv": [13, 0, 14, 16], "rotation": 90, "texture": "#rail"},
				"up": {"uv": [2, 0, 4, 16], "texture": "#rail"},
				"down": {"uv": [2, 0, 4, 16], "texture": "#rail"}
			}
		},
		{
			"from": [1, 10.2, 3.45],
			"to": [2, 11.2, 6.33],
			"rotation": {"angle": 45, "axis": "x", "origin": [8, 16.525, 8.025]},
			"faces": {
				"north": {"uv": [1, 2, 2, 3], "rotation": 180, "texture": "#rail"},
				"east": {"uv": [1, 1, 2, 3], "rotation": 180, "texture": "#rail"},
				"south": {"uv": [1, 1, 2, 2], "rotation": 180, "texture": "#rail"},
				"west": {"uv": [1, 1, 2, 3], "rotation": 90, "texture": "#rail"},
				"up": {"uv": [1, 1, 2, 3], "rotation": 180, "texture": "#rail"},
				"down": {"uv": [1, 1, 2, 3], "texture": "#rail"}
			}
		},
		{
			"from": [4, 10.2, 20.73],
			"to": [12, 11.2, 23.61],
			"rotation": {"angle": 45, "axis": "x", "origin": [8, 16.525, 8.025]},
			"faces": {
				"north": {"uv": [4, 14, 12, 15], "texture": "#rail"},
				"east": {"uv": [4, 13, 12, 15], "rotation": 90, "texture": "#rail"},
				"south": {"uv": [4, 13, 12, 14], "rotation": 180, "texture": "#rail"},
				"west": {"uv": [4, 13, 12, 15], "rotation": 90, "texture": "#rail"},
				"up": {"uv": [4, 13, 12, 15], "rotation": 180, "texture": "#rail"},
				"down": {"uv": [4, 13, 12, 15], "texture": "#rail"}
			}
		},
		{
			"from": [1, 10.2, 9.21],
			"to": [2, 11.2, 12.09],
			"rotation": {"angle": 45, "axis": "x", "origin": [8, 16.525, 8.025]},
			"faces": {
				"north": {"uv": [1, 6, 2, 7], "rotation": 180, "texture": "#rail"},
				"east": {"uv": [1, 5, 2, 7], "rotation": 180, "texture": "#rail"},
				"south": {"uv": [1, 5, 2, 6], "rotation": 180, "texture": "#rail"},
				"west": {"uv": [1, 5, 2, 7], "rotation": 90, "texture": "#rail"},
				"up": {"uv": [1, 5, 2, 7], "rotation": 180, "texture": "#rail"},
				"down": {"uv": [1, 5, 2, 7], "texture": "#rail"}
			}
		},
		{
			"from": [4, 10.2, 3.45],
			"to": [12, 11.2, 6.33],
			"rotation": {"angle": 45, "axis": "x", "origin": [8, 16.525, 8.025]},
			"faces": {
				"north": {"uv": [4, 2, 12, 3], "rotation": 180, "texture": "#rail"},
				"east": {"uv": [4, 1, 12, 3], "rotation": 90, "texture": "#rail"},
				"south": {"uv": [4, 1, 12, 2], "rotation": 180, "texture": "#rail"},
				"west": {"uv": [4, 1, 12, 3], "rotation": 90, "texture": "#rail"},
				"up": {"uv": [4, 1, 12, 3], "rotation": 180, "texture": "#rail"},
				"down": {"uv": [4, 1, 12, 3], "texture": "#rail"}
			}
		},
		{
			"from": [1, 10.2, 14.97],
			"to": [2, 11.2, 17.85],
			"rotation": {"angle": 45, "axis": "x", "origin": [8, 16.525, 8.025]},
			"faces": {
				"north": {"uv": [1, 10, 2, 11], "rotation": 180, "texture": "#rail"},
				"east": {"uv": [1, 9, 2, 11], "rotation": 180, "texture": "#rail"},
				"south": {"uv": [1, 9, 2, 10], "rotation": 180, "texture": "#rail"},
				"west": {"uv": [1, 9, 2, 11], "rotation": 90, "texture": "#rail"},
				"up": {"uv": [1, 9, 2, 11], "rotation": 180, "texture": "#rail"},
				"down": {"uv": [1, 9, 2, 11], "texture": "#rail"}
			}
		},
		{
			"from": [1, 10.2, 20.73],
			"to": [2, 11.2, 23.61],
			"rotation": {"angle": 45, "axis": "x", "origin": [8, 16.525, 8.025]},
			"faces": {
				"north": {"uv": [1, 14, 2, 15], "rotation": 180, "texture": "#rail"},
				"east": {"uv": [1, 13, 2, 15], "rotation": 180, "texture": "#rail"},
				"south": {"uv": [1, 13, 2, 14], "rotation": 180, "texture": "#rail"},
				"west": {"uv": [1, 13, 2, 15], "rotation": 90, "texture": "#rail"},
				"up": {"uv": [1, 13, 2, 15], "rotation": 180, "texture": "#rail"},
				"down": {"uv": [1, 13, 2, 15], "texture": "#rail"}
			}
		},
		{
			"from": [14, 10.2, 3.45],
			"to": [15, 11.2, 6.33],
			"rotation": {"angle": 45, "axis": "x", "origin": [8, 16.525, 8.025]},
			"faces": {
				"north": {"uv": [14, 2, 15, 3], "rotation": 180, "texture": "#rail"},
				"east": {"uv": [14, 1, 15, 3], "rotation": 270, "texture": "#rail"},
				"south": {"uv": [14, 1, 15, 2], "rotation": 180, "texture": "#rail"},
				"west": {"uv": [14, 1, 15, 3], "rotation": 180, "texture": "#rail"},
				"up": {"uv": [14, 1, 15, 3], "rotation": 180, "texture": "#rail"},
				"down": {"uv": [14, 1, 15, 3], "texture": "#rail"}
			}
		},
		{
			"from": [14, 10.2, 9.21],
			"to": [15, 11.2, 12.09],
			"rotation": {"angle": 45, "axis": "x", "origin": [8, 16.525, 8.025]},
			"faces": {
				"north": {"uv": [14, 6, 15, 7], "rotation": 180, "texture": "#rail"},
				"east": {"uv": [14, 5, 15, 7], "rotation": 270, "texture": "#rail"},
				"south": {"uv": [14, 5, 15, 6], "rotation": 180, "texture": "#rail"},
				"west": {"uv": [14, 5, 15, 7], "rotation": 180, "texture": "#rail"},
				"up": {"uv": [14, 5, 15, 7], "rotation": 180, "texture": "#rail"},
				"down": {"uv": [14, 5, 15, 7], "texture": "#rail"}
			}
		},
		{
			"from": [14, 10.2, 14.97],
			"to": [15, 11.2, 17.85],
			"rotation": {"angle": 45, "axis": "x", "origin": [8, 16.525, 8.025]},
			"faces": {
				"north": {"uv": [14, 10, 15, 11], "rotation": 180, "texture": "#rail"},
				"east": {"uv": [14, 9, 15, 11], "rotation": 270, "texture": "#rail"},
				"south": {"uv": [14, 9, 15, 10], "rotation": 180, "texture": "#rail"},
				"west": {"uv": [14, 9, 15, 11], "rotation": 180, "texture": "#rail"},
				"up": {"uv": [14, 9, 15, 11], "rotation": 180, "texture": "#rail"},
				"down": {"uv": [14, 9, 15, 11], "texture": "#rail"}
			}
		},
		{
			"from": [14, 10.2, 20.73],
			"to": [15, 11.2, 23.61],
			"rotation": {"angle": 45, "axis": "x", "origin": [8, 16.525, 8.025]},
			"faces": {
				"north": {"uv": [14, 14, 15, 15], "rotation": 180, "texture": "#rail"},
				"east": {"uv": [14, 13, 15, 15], "rotation": 270, "texture": "#rail"},
				"south": {"uv": [14, 13, 15, 14], "rotation": 180, "texture": "#rail"},
				"west": {"uv": [14, 13, 15, 15], "rotation": 180, "texture": "#rail"},
				"up": {"uv": [14, 13, 15, 15], "rotation": 180, "texture": "#rail"},
				"down": {"uv": [14, 13, 15, 15], "texture": "#rail"}
			}
		},
		{
			"from": [12, 10.2, 2.01],
			"to": [14, 11.2, 25.05],
			"rotation": {"angle": 45, "axis": "x", "origin": [8, 16.525, 8.025]},
			"faces": {
				"north": {"uv": [12, 15, 14, 16], "rotation": 180, "texture": "#rail"},
				"east": {"uv": [2, 0, 3, 16], "rotation": 90, "texture": "#rail"},
				"south": {"uv": [12, 0, 14, 1], "texture": "#rail"},
				"west": {"uv": [3, 0, 4, 16], "rotation": 90, "texture": "#rail"},
				"up": {"uv": [12, 0, 14, 16], "texture": "#rail"},
				"down": {"uv": [12, 0, 14, 16], "texture": "#rail"}
			}
		},
		{
			"from": [7, 10.2, 6.33],
			"to": [9, 11.2, 9.21],
			"rotation": {"angle": 45, "axis": "x", "origin": [8, 16.525, 8.025]},
			"faces": {
				"north": {"uv": [7, 3, 9, 5], "texture": "#rail"},
				"east": {"uv": [8, 3, 9, 5], "rotation": 90, "texture": "#rail"},
				"south": {"uv": [7, 3, 9, 5], "texture": "#rail"},
				"west": {"uv": [7, 3, 8, 5], "rotation": 270, "texture": "#rail"},
				"up": {"uv": [7, 3, 9, 5], "texture": "#rail"},
				"down": {"uv": [7, 3, 9, 5], "rotation": 270, "texture": "#rail"}
			}
		},
		{
			"from": [7, 10.2, 17.85],
			"to": [9, 11.2, 20.73],
			"rotation": {"angle": 45, "axis": "x", "origin": [8, 16.525, 8.025]},
			"faces": {
				"north": {"uv": [7, 11, 9, 13], "texture": "#rail"},
				"east": {"uv": [8, 11, 9, 13], "rotation": 90, "texture": "#rail"},
				"south": {"uv": [7, 11, 9, 13], "texture": "#rail"},
				"west": {"uv": [7, 11, 8, 13], "rotation": 270, "texture": "#rail"},
				"up": {"uv": [7, 11, 9, 13], "texture": "#rail"},
				"down": {"uv": [7, 13, 9, 11], "texture": "#rail"}
			}
		},
		{
			"from": [5, 10.175, 9.208],
			"to": [11, 11.225, 17.845],
			"rotation": {"angle": 45, "axis": "x", "origin": [8, 16.525, 8.025]},
			"faces": {
				"north": {"uv": [5, 10, 11, 11], "texture": "#rail"},
				"east": {"uv": [5, 5, 6, 11], "rotation": 90, "texture": "#rail"},
				"south": {"uv": [5, 5, 11, 6], "texture": "#rail"},
				"west": {"uv": [10, 5, 11, 11], "rotation": 270, "texture": "#rail"},
				"up": {"uv": [5, 5, 11, 11], "texture": "#rail"},
				"down": {"uv": [5, 5, 11, 11], "texture": "#rail"}
			}
		},
		{
			"from": [11, 10.175, 2.01],
			"to": [12, 11.225, 25.05],
			"rotation": {"angle": 45, "axis": "x", "origin": [8, 16.525, 8.025]},
			"faces": {
				"north": {"uv": [4, 15, 5, 16], "texture": "#rail"},
				"east": {"uv": [4, 0, 5, 16], "texture": "#rail"},
				"south": {"uv": [4, 0, 5, 1], "texture": "#rail"},
				"west": {"uv": [4, 0, 5, 16], "rotation": 270, "texture": "#rail"},
				"up": {"uv": [4, 0, 5, 16], "texture": "#rail"},
				"down": {"uv": [4, 0, 5, 16], "texture": "#rail"}
			}
		},
		{
			"from": [4, 10.175, 2.01],
			"to": [5, 11.225, 25.05],
			"rotation": {"angle": 45, "axis": "x", "origin": [8, 16.525, 8.025]},
			"faces": {
				"north": {"uv": [11, 15, 12, 16], "texture": "#rail"},
				"east": {"uv": [11, 0, 12, 16], "rotation": 90, "texture": "#rail"},
				"south": {"uv": [11, 0, 12, 1], "texture": "#rail"},
				"west": {"uv": [11, 0, 12, 16], "texture": "#rail"},
				"up": {"uv": [11, 0, 12, 16], "texture": "#rail"},
				"down": {"uv": [11, 0, 12, 16], "texture": "#rail"}
			}
		},
		{
			"from": [4, 10.2, 9.21],
			"to": [12, 11.2, 12.09],
			"rotation": {"angle": 45, "axis": "x", "origin": [8, 16.525, 8.025]},
			"faces": {
				"north": {"uv": [4, 6, 12, 7], "rotation": 180, "texture": "#rail"},
				"east": {"uv": [4, 5, 12, 7], "rotation": 90, "texture": "#rail"},
				"south": {"uv": [4, 5, 12, 6], "rotation": 180, "texture": "#rail"},
				"west": {"uv": [4, 5, 12, 7], "rotation": 90, "texture": "#rail"},
				"up": {"uv": [4, 5, 12, 7], "rotation": 180, "texture": "#rail"},
				"down": {"uv": [4, 5, 12, 7], "texture": "#rail"}
			}
		},
		{
			"from": [4, 10.2, 14.97],
			"to": [12, 11.2, 17.85],
			"rotation": {"angle": 45, "axis": "x", "origin": [8, 16.525, 8.025]},
			"faces": {
				"north": {"uv": [4, 10, 12, 11], "rotation": 180, "texture": "#rail"},
				"east": {"uv": [4, 9, 12, 11], "rotation": 90, "texture": "#rail"},
				"south": {"uv": [4, 9, 12, 10], "rotation": 180, "texture": "#rail"},
				"west": {"uv": [4, 9, 12, 11], "rotation": 90, "texture": "#rail"},
				"up": {"uv": [4, 9, 12, 11], "rotation": 180, "texture": "#rail"},
				"down": {"uv": [4, 9, 12, 11], "texture": "#rail"}
			}
		},
		{
			"from": [2, 0.01406, 15.59104],
			"to": [4, 1.01406, 16.59104],
			"rotation": {"angle": 0, "axis": "y", "origin": [0, 0.01406, 0.59104]},
			"faces": {
				"north": {"uv": [0, 0, 2, 1], "texture": "#rail"},
				"east": {"uv": [3, 15, 4, 16], "texture": "#rail"},
				"south": {"uv": [4, 15, 2, 16], "rotation": 180, "texture": "#rail"},
				"west": {"uv": [2, 15, 3, 16], "texture": "#rail"},
				"up": {"uv": [2, 15, 4, 16], "texture": "#rail"},
				"down": {"uv": [2, 15, 4, 16], "texture": "#rail"}
			}
		},
		{
			"from": [12, 0.01406, 15.59104],
			"to": [14, 1.01406, 16.59104],
			"rotation": {"angle": 0, "axis": "y", "origin": [0, 0.01406, 0.59104]},
			"faces": {
				"north": {"uv": [0, 0, 2, 1], "texture": "#rail"},
				"east": {"uv": [13, 15, 14, 16], "texture": "#rail"},
				"south": {"uv": [14, 15, 12, 16], "rotation": 180, "texture": "#rail"},
				"west": {"uv": [12, 15, 13, 16], "texture": "#rail"},
				"up": {"uv": [12, 15, 14, 16], "texture": "#rail"},
				"down": {"uv": [12, 15, 14, 16], "texture": "#rail"}
			}
		}
	]
}