{
	"credit": "Made with Blockbench",
	"textures": {
		"0": "blocks/unlit_redstone_sconce",
		"particle": "blocks/unlit_redstone_sconce"
	},
	"elements": [
		{
			"from": [0, 4, 6],
			"to": [1, 10, 10],
			"rotation": {"angle": 0, "axis": "y", "origin": [8, 9, 8]},
			"faces": {
				"north": {"uv": [0, 6, 1, 12], "texture": "#0"},
				"east": {"uv": [12, 6, 16, 12], "texture": "#0"},
				"south": {"uv": [0, 6, 1, 12], "texture": "#0"},
				"west": {"uv": [12, 6, 16, 12], "texture": "#0"},
				"up": {"uv": [12, 6, 16, 7], "rotation": 90, "texture": "#0"},
				"down": {"uv": [12, 11, 16, 12], "rotation": 270, "texture": "#0"}
			}
		},
		{
			"from": [3, 3, 7],
			"to": [5, 11, 9],
			"rotation": {"angle": 0, "axis": "y", "origin": [8, 9, 8]},
			"faces": {
				"north": {"uv": [7, 5, 9, 13], "texture": "#0"},
				"east": {"uv": [7, 5, 9, 13], "texture": "#0"},
				"south": {"uv": [7, 5, 9, 13], "texture": "#0"},
				"west": {"uv": [7, 5, 9, 13], "texture": "#0"},
				"down": {"uv": [7, 13, 9, 15], "rotation": 270, "texture": "#0"}
			}
		},
		{
			"from": [1, 7, 6],
			"to": [6, 9, 10],
			"rotation": {"angle": 0, "axis": "y", "origin": [8, 9, 8]},
			"faces": {
				"north": {"uv": [6, 7, 1, 9], "texture": "#0"},
				"east": {"uv": [6, 7, 10, 9], "texture": "#0"},
				"south": {"uv": [1, 7, 6, 9], "texture": "#0"},
				"up": {"uv": [12, 0, 16, 5], "rotation": 270, "texture": "#0"},
				"down": {"uv": [12, 0, 16, 5], "rotation": 270, "texture": "#0"}
			}
		},
		{
			"from": [2, 11, 6],
			"to": [6, 12, 10],
			"rotation": {"angle": 0, "axis": "y", "origin": [8, 9, 8]},
			"faces": {
				"north": {"uv": [6, 4, 10, 5], "texture": "#0"},
				"east": {"uv": [6, 4, 10, 5], "texture": "#0"},
				"south": {"uv": [6, 4, 10, 5], "texture": "#0"},
				"west": {"uv": [6, 4, 10, 5], "texture": "#0"},
				"up": {"uv": [0, 0, 4, 4], "rotation": 90, "texture": "#0"},
				"down": {"uv": [0, 12, 4, 16], "rotation": 270, "texture": "#0"}
			}
		},
		{
			"from": [6, 12, 6],
			"to": [6, 14, 10],
			"rotation": {"angle": 0, "axis": "y", "origin": [8, 9, 8]},
			"faces": {
				"east": {"uv": [6, 2, 10, 4], "texture": "#0"},
				"west": {"uv": [6, 2, 10, 4], "texture": "#0"}
			}
		},
		{
			"from": [2, 12, 6],
			"to": [2, 14, 10],
			"rotation": {"angle": 0, "axis": "y", "origin": [8, 9, 8]},
			"faces": {
				"east": {"uv": [6, 2, 10, 4], "texture": "#0"},
				"west": {"uv": [6, 2, 10, 4], "texture": "#0"}
			}
		},
		{
			"from": [2, 12, 10],
			"to": [6, 14, 10],
			"rotation": {"angle": 0, "axis": "y", "origin": [8, 9, 8]},
			"faces": {
				"north": {"uv": [6, 2, 10, 4], "texture": "#0"},
				"south": {"uv": [6, 2, 10, 4], "texture": "#0"}
			}
		},
		{
			"from": [2, 12, 6],
			"to": [6, 14, 6],
			"rotation": {"angle": 0, "axis": "y", "origin": [8, 9, 8]},
			"faces": {
				"north": {"uv": [6, 2, 10, 4], "texture": "#0"},
				"south": {"uv": [6, 2, 10, 4], "texture": "#0"}
			}
		}
	],
	"groups": [
		0,
		1,
		2,
		3,
		{
			"name": "group",
			"origin": [13, 20, 21],
			"color": 0,
			"children": [4, 5, 6, 7]
		}
	]
}