{
	"credit": "Made with Blockbench",
	"ambientocclusion": false,
	"textures": {
		"particle": "blocks/vine"
	},
	"elements": [
		{
			"from": [15, 1, 0],
			"to": [16, 4, 1],
			"rotation": {"angle": 0, "axis": "y", "origin": [8, 8, 0.5]},
			"faces": {
				"north": {"uv": [15, 12, 16, 15], "texture": "#particle", "tintindex": 0 },
				"east": {"uv": [15, 12, 16, 15], "texture": "#particle", "tintindex": 0 },
				"south": {"uv": [15, 12, 16, 15], "texture": "#particle", "tintindex": 0 },
				"west": {"uv": [15, 12, 16, 15], "texture": "#particle", "tintindex": 0 },
				"up": {"uv": [16, 12, 15, 13], "rotation": 180, "texture": "#particle", "tintindex": 0 },
				"down": {"uv": [16, 14, 15, 15], "rotation": 180, "texture": "#particle", "tintindex": 0 }
			}
		},
		{
			"from": [14, 2, 0],
			"to": [15, 4, 1],
			"rotation": {"angle": 0, "axis": "y", "origin": [8, 8, 0.5]},
			"faces": {
				"north": {"uv": [14, 12, 15, 14], "texture": "#particle", "tintindex": 0 },
				"east": {"uv": [0, 0, 0, 0], "texture": "#particle", "tintindex": 0 },
				"south": {"uv": [14, 12, 15, 14], "texture": "#particle", "tintindex": 0 },
				"west": {"uv": [14, 12, 15, 14], "texture": "#particle", "tintindex": 0 },
				"up": {"uv": [15, 12, 14, 13], "rotation": 180, "texture": "#particle", "tintindex": 0 },
				"down": {"uv": [15, 13, 14, 14], "rotation": 180, "texture": "#particle", "tintindex": 0 }
			}
		},
		{
			"from": [13, 0, 0],
			"to": [14, 1, 1],
			"rotation": {"angle": 0, "axis": "y", "origin": [8, 8, 0.5]},
			"faces": {
				"north": {"uv": [13, 15, 14, 16], "texture": "#particle", "tintindex": 0 },
				"east": {"uv": [13, 15, 14, 16], "texture": "#particle", "tintindex": 0 },
				"south": {"uv": [13, 15, 14, 16], "texture": "#particle", "tintindex": 0 },
				"west": {"uv": [0, 0, 0, 0], "texture": "#particle", "tintindex": 0 },
				"up": {"uv": [14, 15, 13, 16], "rotation": 180, "texture": "#particle", "tintindex": 0 },
				"down": {"uv": [14, 15, 13, 16], "rotation": 180, "texture": "#particle", "tintindex": 0 }
			}
		},
		{
			"from": [13, 2, 0],
			"to": [14, 3, 1],
			"rotation": {"angle": 0, "axis": "y", "origin": [8, 8, 0.5]},
			"faces": {
				"north": {"uv": [13, 13, 14, 14], "texture": "#particle", "tintindex": 0 },
				"east": {"uv": [0, 0, 0, 0], "texture": "#particle", "tintindex": 0 },
				"south": {"uv": [13, 13, 14, 14], "texture": "#particle", "tintindex": 0 },
				"west": {"uv": [0, 0, 0, 0], "texture": "#particle", "tintindex": 0 },
				"up": {"uv": [14, 13, 13, 14], "rotation": 180, "texture": "#particle", "tintindex": 0 },
				"down": {"uv": [14, 13, 13, 14], "rotation": 180, "texture": "#particle", "tintindex": 0 }
			}
		},
		{
			"from": [12, 0, 0],
			"to": [13, 4, 1],
			"rotation": {"angle": 0, "axis": "y", "origin": [8, 8, 0.5]},
			"faces": {
				"north": {"uv": [12, 12, 13, 16], "texture": "#particle", "tintindex": 0 },
				"east": {"uv": [12, 12, 13, 16], "texture": "#particle", "tintindex": 0 },
				"south": {"uv": [12, 12, 13, 16], "texture": "#particle", "tintindex": 0 },
				"west": {"uv": [0, 0, 0, 0], "texture": "#particle", "tintindex": 0 },
				"up": {"uv": [13, 12, 12, 13], "rotation": 180, "texture": "#particle", "tintindex": 0 },
				"down": {"uv": [13, 15, 12, 16], "rotation": 180, "texture": "#particle", "tintindex": 0 }
			}
		},
		{
			"from": [11, 0, 0],
			"to": [12, 10, 1],
			"rotation": {"angle": 0, "axis": "y", "origin": [8, 8, 0.5]},
			"faces": {
				"north": {"uv": [11, 6, 12, 16], "texture": "#particle", "tintindex": 0 },
				"east": {"uv": [11, 6, 12, 16], "texture": "#particle", "tintindex": 0 },
				"south": {"uv": [11, 6, 12, 16], "texture": "#particle", "tintindex": 0 },
				"west": {"uv": [11, 6, 12, 16], "texture": "#particle", "tintindex": 0 },
				"up": {"uv": [12, 6, 11, 7], "rotation": 180, "texture": "#particle", "tintindex": 0 },
				"down": {"uv": [12, 15, 11, 16], "rotation": 180, "texture": "#particle", "tintindex": 0 }
			}
		},
		{
			"from": [10, 1, 0],
			"to": [11, 2, 1],
			"rotation": {"angle": 0, "axis": "y", "origin": [8, 8, 0.5]},
			"faces": {
				"north": {"uv": [10, 14, 11, 15], "texture": "#particle", "tintindex": 0 },
				"east": {"uv": [0, 0, 0, 0], "texture": "#particle", "tintindex": 0 },
				"south": {"uv": [10, 14, 11, 15], "texture": "#particle", "tintindex": 0 },
				"west": {"uv": [10, 14, 11, 15], "texture": "#particle", "tintindex": 0 },
				"up": {"uv": [11, 14, 10, 15], "rotation": 180, "texture": "#particle", "tintindex": 0 },
				"down": {"uv": [11, 14, 10, 15], "rotation": 180, "texture": "#particle", "tintindex": 0 }
			}
		},
		{
			"from": [5, 0, 0],
			"to": [7, 1, 1],
			"rotation": {"angle": 0, "axis": "y", "origin": [8, 8, 0.5]},
			"faces": {
				"north": {"uv": [7, 15, 5, 16], "texture": "#particle", "tintindex": 0 },
				"east": {"uv": [6, 15, 7, 16], "texture": "#particle", "tintindex": 0 },
				"south": {"uv": [5, 15, 7, 16], "texture": "#particle", "tintindex": 0 },
				"west": {"uv": [0, 0, 0, 0], "texture": "#particle", "tintindex": 0 },
				"up": {"uv": [7, 15, 5, 16], "rotation": 180, "texture": "#particle", "tintindex": 0 },
				"down": {"uv": [7, 15, 5, 16], "rotation": 180, "texture": "#particle", "tintindex": 0 }
			}
		},
		{
			"from": [8, 0, 0],
			"to": [10, 1, 1],
			"rotation": {"angle": 0, "axis": "y", "origin": [8, 8, 0.5]},
			"faces": {
				"north": {"uv": [10, 15, 8, 16], "texture": "#particle", "tintindex": 0 },
				"east": {"uv": [9, 15, 10, 16], "texture": "#particle", "tintindex": 0 },
				"south": {"uv": [8, 15, 10, 16], "texture": "#particle", "tintindex": 0 },
				"west": {"uv": [8, 15, 9, 16], "texture": "#particle", "tintindex": 0 },
				"up": {"uv": [10, 15, 8, 16], "rotation": 180, "texture": "#particle", "tintindex": 0 },
				"down": {"uv": [10, 15, 8, 16], "rotation": 180, "texture": "#particle", "tintindex": 0 }
			}
		},
		{
			"from": [9, 2, 0],
			"to": [10, 5, 1],
			"rotation": {"angle": 0, "axis": "y", "origin": [8, 8, 0.5]},
			"faces": {
				"north": {"uv": [9, 11, 10, 14], "texture": "#particle", "tintindex": 0 },
				"east": {"uv": [9, 11, 10, 14], "texture": "#particle", "tintindex": 0 },
				"south": {"uv": [9, 11, 10, 14], "texture": "#particle", "tintindex": 0 },
				"west": {"uv": [9, 11, 10, 14], "texture": "#particle", "tintindex": 0 },
				"up": {"uv": [10, 11, 9, 12], "rotation": 180, "texture": "#particle", "tintindex": 0 },
				"down": {"uv": [10, 13, 9, 14], "rotation": 180, "texture": "#particle", "tintindex": 0 }
			}
		},
		{
			"from": [10, 3, 0],
			"to": [11, 7, 1],
			"rotation": {"angle": 0, "axis": "y", "origin": [8, 8, 0.5]},
			"faces": {
				"north": {"uv": [10, 9, 11, 13], "texture": "#particle", "tintindex": 0 },
				"east": {"uv": [0, 0, 0, 0], "texture": "#particle", "tintindex": 0 },
				"south": {"uv": [10, 9, 11, 13], "texture": "#particle", "tintindex": 0 },
				"west": {"uv": [10, 9, 11, 13], "texture": "#particle", "tintindex": 0 },
				"up": {"uv": [11, 9, 10, 10], "rotation": 180, "texture": "#particle", "tintindex": 0 },
				"down": {"uv": [11, 12, 10, 13], "rotation": 180, "texture": "#particle", "tintindex": 0 }
			}
		},
		{
			"from": [10, 8, 0],
			"to": [11, 9, 1],
			"rotation": {"angle": 0, "axis": "y", "origin": [8, 8, 0.5]},
			"faces": {
				"north": {"uv": [10, 7, 11, 8], "texture": "#particle", "tintindex": 0 },
				"east": {"uv": [0, 0, 0, 0], "texture": "#particle", "tintindex": 0 },
				"south": {"uv": [10, 7, 11, 8], "texture": "#particle", "tintindex": 0 },
				"west": {"uv": [10, 7, 11, 8], "texture": "#particle", "tintindex": 0 },
				"up": {"uv": [11, 7, 10, 8], "rotation": 180, "texture": "#particle", "tintindex": 0 },
				"down": {"uv": [11, 7, 10, 8], "rotation": 180, "texture": "#particle", "tintindex": 0 }
			}
		},
		{
			"from": [14, 6, 0],
			"to": [15, 7, 1],
			"rotation": {"angle": 0, "axis": "y", "origin": [8, 8, 0.5]},
			"faces": {
				"north": {"uv": [14, 9, 15, 10], "texture": "#particle", "tintindex": 0 },
				"east": {"uv": [14, 9, 15, 10], "texture": "#particle", "tintindex": 0 },
				"south": {"uv": [14, 9, 15, 10], "texture": "#particle", "tintindex": 0 },
				"west": {"uv": [0, 0, 0, 0], "texture": "#particle", "tintindex": 0 },
				"up": {"uv": [15, 9, 14, 10], "rotation": 180, "texture": "#particle", "tintindex": 0 },
				"down": {"uv": [15, 9, 14, 10], "rotation": 180, "texture": "#particle", "tintindex": 0 }
			}
		},
		{
			"from": [12, 6, 0],
			"to": [13, 16, 1],
			"rotation": {"angle": 0, "axis": "y", "origin": [8, 8, 0.5]},
			"faces": {
				"north": {"uv": [12, 0, 13, 10], "texture": "#particle", "tintindex": 0 },
				"east": {"uv": [0, 0, 0, 0], "texture": "#particle", "tintindex": 0 },
				"south": {"uv": [12, 0, 13, 10], "texture": "#particle", "tintindex": 0 },
				"west": {"uv": [12, 0, 13, 10], "texture": "#particle", "tintindex": 0 },
				"up": {"uv": [13, 0, 12, 1], "rotation": 180, "texture": "#particle", "tintindex": 0 },
				"down": {"uv": [13, 9, 12, 10], "rotation": 180, "texture": "#particle", "tintindex": 0 }
			}
		},
		{
			"from": [14, 10, 0],
			"to": [16, 11, 1],
			"rotation": {"angle": 0, "axis": "y", "origin": [8, 8, 0.5]},
			"faces": {
				"north": {"uv": [14, 5, 16, 6], "texture": "#particle", "tintindex": 0 },
				"east": {"uv": [14, 5, 16, 6], "texture": "#particle", "tintindex": 0 },
				"south": {"uv": [14, 5, 16, 6], "texture": "#particle", "tintindex": 0 },
				"west": {"uv": [0, 0, 0, 0], "texture": "#particle", "tintindex": 0 },
				"up": {"uv": [16, 5, 14, 6], "rotation": 180, "texture": "#particle", "tintindex": 0 },
				"down": {"uv": [16, 5, 14, 6], "rotation": 180, "texture": "#particle", "tintindex": 0 }
			}
		},
		{
			"from": [14, 14, 0],
			"to": [15, 16, 1],
			"rotation": {"angle": 0, "axis": "y", "origin": [8, 8, 0.5]},
			"faces": {
				"north": {"uv": [14, 0, 15, 2], "texture": "#particle", "tintindex": 0 },
				"east": {"uv": [14, 0, 15, 2], "texture": "#particle", "tintindex": 0 },
				"south": {"uv": [14, 0, 15, 2], "texture": "#particle", "tintindex": 0 },
				"west": {"uv": [0, 0, 0, 0], "texture": "#particle", "tintindex": 0 },
				"up": {"uv": [15, 0, 14, 2], "rotation": 180, "texture": "#particle", "tintindex": 0 },
				"down": {"uv": [15, 0, 14, 2], "rotation": 180, "texture": "#particle", "tintindex": 0 }
			}
		},
		{
			"from": [13, 6, 0],
			"to": [14, 16, 1],
			"rotation": {"angle": 0, "axis": "y", "origin": [8, 8, 0.5]},
			"faces": {
				"north": {"uv": [13, 0, 14, 10], "texture": "#particle", "tintindex": 0 },
				"east": {"uv": [13, 0, 14, 10], "texture": "#particle", "tintindex": 0 },
				"south": {"uv": [13, 0, 14, 10], "texture": "#particle", "tintindex": 0 },
				"west": {"uv": [0, 0, 0, 0], "texture": "#particle", "tintindex": 0 },
				"up": {"uv": [14, 0, 13, 1], "rotation": 180, "texture": "#particle", "tintindex": 0 },
				"down": {"uv": [14, 9, 13, 10], "rotation": 180, "texture": "#particle", "tintindex": 0 }
			}
		},
		{
			"from": [11, 11, 0],
			"to": [12, 16, 1],
			"rotation": {"angle": 0, "axis": "y", "origin": [8, 8, 0.5]},
			"faces": {
				"north": {"uv": [11, 0, 12, 5], "texture": "#particle", "tintindex": 0 },
				"east": {"uv": [0, 0, 0, 0], "texture": "#particle", "tintindex": 0 },
				"south": {"uv": [11, 0, 12, 5], "texture": "#particle", "tintindex": 0 },
				"west": {"uv": [11, 0, 12, 5], "texture": "#particle", "tintindex": 0 },
				"up": {"uv": [12, 0, 11, 1], "rotation": 180, "texture": "#particle", "tintindex": 0 },
				"down": {"uv": [12, 4, 11, 5], "rotation": 180, "texture": "#particle", "tintindex": 0 }
			}
		},
		{
			"from": [10, 11, 0],
			"to": [11, 14, 1],
			"rotation": {"angle": 0, "axis": "y", "origin": [8, 8, 0.5]},
			"faces": {
				"north": {"uv": [10, 2, 11, 5], "texture": "#particle", "tintindex": 0 },
				"east": {"uv": [0, 0, 0, 0], "texture": "#particle", "tintindex": 0 },
				"south": {"uv": [10, 2, 11, 5], "texture": "#particle", "tintindex": 0 },
				"west": {"uv": [10, 2, 11, 5], "texture": "#particle", "tintindex": 0 },
				"up": {"uv": [11, 2, 10, 3], "rotation": 180, "texture": "#particle", "tintindex": 0 },
				"down": {"uv": [11, 4, 10, 5], "rotation": 180, "texture": "#particle", "tintindex": 0 }
			}
		},
		{
			"from": [9, 14, 0],
			"to": [10, 16, 1],
			"rotation": {"angle": 0, "axis": "y", "origin": [8, 8, 0.5]},
			"faces": {
				"north": {"uv": [9, 0, 10, 2], "texture": "#particle", "tintindex": 0 },
				"east": {"uv": [9, 0, 10, 2], "texture": "#particle", "tintindex": 0 },
				"south": {"uv": [9, 0, 10, 2], "texture": "#particle", "tintindex": 0 },
				"west": {"uv": [9, 0, 10, 2], "texture": "#particle", "tintindex": 0 },
				"up": {"uv": [10, 0, 9, 1], "rotation": 180, "texture": "#particle", "tintindex": 0 },
				"down": {"uv": [10, 1, 9, 2], "rotation": 180, "texture": "#particle", "tintindex": 0 }
			}
		},
		{
			"from": [9, 10, 0],
			"to": [10, 13, 1],
			"rotation": {"angle": 0, "axis": "y", "origin": [8, 8, 0.5]},
			"faces": {
				"north": {"uv": [9, 3, 10, 6], "texture": "#particle", "tintindex": 0 },
				"east": {"uv": [9, 3, 10, 6], "texture": "#particle", "tintindex": 0 },
				"south": {"uv": [9, 3, 10, 6], "texture": "#particle", "tintindex": 0 },
				"west": {"uv": [9, 3, 10, 6], "texture": "#particle", "tintindex": 0 },
				"up": {"uv": [10, 3, 9, 4], "rotation": 180, "texture": "#particle", "tintindex": 0 },
				"down": {"uv": [10, 5, 9, 6], "rotation": 180, "texture": "#particle", "tintindex": 0 }
			}
		},
		{
			"from": [3, 0, 0],
			"to": [4, 5, 1],
			"rotation": {"angle": 0, "axis": "y", "origin": [8, 8, 0.5]},
			"faces": {
				"north": {"uv": [3, 11, 4, 16], "texture": "#particle", "tintindex": 0 },
				"east": {"uv": [0, 0, 0, 0], "texture": "#particle", "tintindex": 0 },
				"south": {"uv": [3, 11, 4, 16], "texture": "#particle", "tintindex": 0 },
				"west": {"uv": [0, 0, 0, 0], "texture": "#particle", "tintindex": 0 },
				"up": {"uv": [4, 11, 3, 12], "rotation": 180, "texture": "#particle", "tintindex": 0 },
				"down": {"uv": [4, 15, 3, 16], "rotation": 180, "texture": "#particle", "tintindex": 0 }
			}
		},
		{
			"from": [8, 8, 0],
			"to": [9, 11, 1],
			"rotation": {"angle": 0, "axis": "y", "origin": [8, 8, 0.5]},
			"faces": {
				"north": {"uv": [8, 5, 9, 8], "texture": "#particle", "tintindex": 0 },
				"east": {"uv": [8, 5, 9, 8], "texture": "#particle", "tintindex": 0 },
				"south": {"uv": [8, 5, 9, 8], "texture": "#particle", "tintindex": 0 },
				"west": {"uv": [8, 5, 9, 8], "texture": "#particle", "tintindex": 0 },
				"up": {"uv": [9, 5, 8, 6], "rotation": 180, "texture": "#particle", "tintindex": 0 },
				"down": {"uv": [9, 7, 8, 8], "rotation": 180, "texture": "#particle", "tintindex": 0 }
			}
		},
		{
			"from": [6, 7, 0],
			"to": [7, 10, 1],
			"rotation": {"angle": 0, "axis": "y", "origin": [8, 8, 0.5]},
			"faces": {
				"north": {"uv": [6, 6, 7, 9], "texture": "#particle", "tintindex": 0 },
				"east": {"uv": [6, 6, 7, 9], "texture": "#particle", "tintindex": 0 },
				"south": {"uv": [6, 6, 7, 9], "texture": "#particle", "tintindex": 0 },
				"west": {"uv": [0, 0, 0, 0], "texture": "#particle", "tintindex": 0 },
				"up": {"uv": [7, 6, 6, 7], "rotation": 180, "texture": "#particle", "tintindex": 0 },
				"down": {"uv": [7, 8, 6, 9], "rotation": 180, "texture": "#particle", "tintindex": 0 }
			}
		},
		{
			"from": [6, 2, 0],
			"to": [7, 5, 1],
			"rotation": {"angle": 0, "axis": "y", "origin": [8, 8, 0.5]},
			"faces": {
				"north": {"uv": [6, 11, 7, 14], "texture": "#particle", "tintindex": 0 },
				"east": {"uv": [6, 11, 7, 14], "texture": "#particle", "tintindex": 0 },
				"south": {"uv": [6, 11, 7, 14], "texture": "#particle", "tintindex": 0 },
				"west": {"uv": [6, 11, 7, 14], "texture": "#particle", "tintindex": 0 },
				"up": {"uv": [7, 11, 6, 14], "rotation": 180, "texture": "#particle", "tintindex": 0 },
				"down": {"uv": [7, 11, 6, 14], "rotation": 180, "texture": "#particle", "tintindex": 0 }
			}
		},
		{
			"from": [6, 15, 0],
			"to": [9, 16, 1],
			"rotation": {"angle": 0, "axis": "y", "origin": [8, 8, 0.5]},
			"faces": {
				"north": {"uv": [6, 0, 9, 1], "texture": "#particle", "tintindex": 0 },
				"east": {"uv": [0, 0, 0, 0], "texture": "#particle", "tintindex": 0 },
				"south": {"uv": [6, 0, 9, 1], "texture": "#particle", "tintindex": 0 },
				"west": {"uv": [0, 0, 0, 0], "texture": "#particle", "tintindex": 0 },
				"up": {"uv": [9, 0, 6, 1], "rotation": 180, "texture": "#particle", "tintindex": 0 },
				"down": {"uv": [9, 0, 6, 1], "rotation": 180, "texture": "#particle", "tintindex": 0 }
			}
		},
		{
			"from": [5, 3, 0],
			"to": [6, 10, 1],
			"rotation": {"angle": 0, "axis": "y", "origin": [8, 8, 0.5]},
			"faces": {
				"north": {"uv": [5, 6, 6, 13], "texture": "#particle", "tintindex": 0 },
				"east": {"uv": [5, 6, 6, 13], "texture": "#particle", "tintindex": 0 },
				"south": {"uv": [5, 6, 6, 13], "texture": "#particle", "tintindex": 0 },
				"west": {"uv": [0, 0, 0, 0], "texture": "#particle", "tintindex": 0 },
				"up": {"uv": [6, 6, 5, 7], "rotation": 180, "texture": "#particle", "tintindex": 0 },
				"down": {"uv": [6, 12, 5, 13], "rotation": 180, "texture": "#particle", "tintindex": 0 }
			}
		},
		{
			"from": [7, 9, 0],
			"to": [8, 11, 1],
			"rotation": {"angle": 0, "axis": "y", "origin": [8, 8, 0.5]},
			"faces": {
				"north": {"uv": [7, 5, 8, 7], "texture": "#particle", "tintindex": 0 },
				"east": {"uv": [0, 0, 0, 0], "texture": "#particle", "tintindex": 0 },
				"south": {"uv": [7, 5, 8, 7], "texture": "#particle", "tintindex": 0 },
				"west": {"uv": [7, 5, 8, 7], "texture": "#particle", "tintindex": 0 },
				"up": {"uv": [8, 5, 7, 7], "rotation": 180, "texture": "#particle", "tintindex": 0 },
				"down": {"uv": [8, 5, 7, 7], "rotation": 180, "texture": "#particle", "tintindex": 0 }
			}
		},
		{
			"from": [4, 13, 0],
			"to": [5, 16, 1],
			"rotation": {"angle": 0, "axis": "y", "origin": [8, 8, 0.5]},
			"faces": {
				"north": {"uv": [4, 0, 5, 3], "texture": "#particle", "tintindex": 0 },
				"east": {"uv": [4, 0, 5, 3], "texture": "#particle", "tintindex": 0 },
				"south": {"uv": [4, 0, 5, 3], "texture": "#particle", "tintindex": 0 },
				"west": {"uv": [0, 0, 0, 0], "texture": "#particle", "tintindex": 0 },
				"up": {"uv": [5, 0, 4, 1], "rotation": 180, "texture": "#particle", "tintindex": 0 },
				"down": {"uv": [5, 2, 4, 3], "rotation": 180, "texture": "#particle", "tintindex": 0 }
			}
		},
		{
			"from": [2, 0, 0],
			"to": [3, 5, 1],
			"rotation": {"angle": 0, "axis": "y", "origin": [8, 8, 0.5]},
			"faces": {
				"north": {"uv": [2, 11, 3, 16], "texture": "#particle", "tintindex": 0 },
				"east": {"uv": [0, 0, 0, 0], "texture": "#particle", "tintindex": 0 },
				"south": {"uv": [2, 11, 3, 16], "texture": "#particle", "tintindex": 0 },
				"west": {"uv": [2, 11, 3, 16], "texture": "#particle", "tintindex": 0 },
				"up": {"uv": [3, 11, 2, 12], "rotation": 180, "texture": "#particle", "tintindex": 0 },
				"down": {"uv": [3, 15, 2, 16], "rotation": 180, "texture": "#particle", "tintindex": 0 }
			}
		},
		{
			"from": [1, 1, 0],
			"to": [2, 4, 1],
			"rotation": {"angle": 0, "axis": "y", "origin": [8, 8, 0.5]},
			"faces": {
				"north": {"uv": [1, 12, 2, 15], "texture": "#particle", "tintindex": 0 },
				"east": {"uv": [0, 0, 0, 0], "texture": "#particle", "tintindex": 0 },
				"south": {"uv": [1, 12, 2, 15], "texture": "#particle", "tintindex": 0 },
				"west": {"uv": [1, 12, 2, 15], "texture": "#particle", "tintindex": 0 },
				"up": {"uv": [2, 12, 1, 13], "rotation": 180, "texture": "#particle", "tintindex": 0 },
				"down": {"uv": [2, 14, 1, 15], "rotation": 180, "texture": "#particle", "tintindex": 0 }
			}
		},
		{
			"from": [0, 3, 0],
			"to": [1, 4, 1],
			"rotation": {"angle": 0, "axis": "y", "origin": [8, 8, 0.5]},
			"faces": {
				"north": {"uv": [0, 12, 1, 13], "texture": "#particle", "tintindex": 0 },
				"east": {"uv": [0, 0, 0, 0], "texture": "#particle", "tintindex": 0 },
				"south": {"uv": [0, 12, 1, 13], "texture": "#particle", "tintindex": 0 },
				"west": {"uv": [0, 12, 1, 13], "texture": "#particle", "tintindex": 0 },
				"up": {"uv": [1, 12, 0, 13], "rotation": 180, "texture": "#particle", "tintindex": 0 },
				"down": {"uv": [1, 12, 0, 13], "rotation": 180, "texture": "#particle", "tintindex": 0 }
			}
		},
		{
			"from": [4, 0, 0],
			"to": [5, 11, 1],
			"rotation": {"angle": 0, "axis": "y", "origin": [8, 8, 0.5]},
			"faces": {
				"north": {"uv": [4, 5, 5, 16], "texture": "#particle", "tintindex": 0 },
				"east": {"uv": [4, 5, 5, 16], "texture": "#particle", "tintindex": 0 },
				"south": {"uv": [4, 5, 5, 16], "texture": "#particle", "tintindex": 0 },
				"west": {"uv": [4, 5, 5, 16], "texture": "#particle", "tintindex": 0 },
				"up": {"uv": [5, 5, 4, 6], "rotation": 180, "texture": "#particle", "tintindex": 0 },
				"down": {"uv": [5, 15, 4, 16], "rotation": 180, "texture": "#particle", "tintindex": 0 }
			}
		},
		{
			"from": [5, 14, 0],
			"to": [6, 16, 1],
			"rotation": {"angle": 0, "axis": "y", "origin": [8, 8, 0.5]},
			"faces": {
				"north": {"uv": [5, 0, 6, 2], "texture": "#particle", "tintindex": 0 },
				"east": {"uv": [5, 0, 6, 2], "texture": "#particle", "tintindex": 0 },
				"south": {"uv": [5, 0, 6, 2], "texture": "#particle", "tintindex": 0 },
				"west": {"uv": [0, 0, 0, 0], "texture": "#particle", "tintindex": 0 },
				"up": {"uv": [6, 0, 5, 1], "rotation": 180, "texture": "#particle", "tintindex": 0 },
				"down": {"uv": [6, 1, 5, 2], "rotation": 180, "texture": "#particle", "tintindex": 0 }
			}
		},
		{
			"from": [3, 8, 0],
			"to": [4, 16, 1],
			"rotation": {"angle": 0, "axis": "y", "origin": [8, 8, 0.5]},
			"faces": {
				"north": {"uv": [3, 0, 4, 8], "texture": "#particle", "tintindex": 0 },
				"east": {"uv": [3, 0, 4, 8], "texture": "#particle", "tintindex": 0 },
				"south": {"uv": [3, 0, 4, 8], "texture": "#particle", "tintindex": 0 },
				"west": {"uv": [3, 0, 4, 8], "texture": "#particle", "tintindex": 0 },
				"up": {"uv": [4, 0, 3, 1], "rotation": 180, "texture": "#particle", "tintindex": 0 },
				"down": {"uv": [4, 7, 3, 8], "rotation": 180, "texture": "#particle", "tintindex": 0 }
			}
		},
		{
			"from": [2, 9, 0],
			"to": [3, 15, 1],
			"rotation": {"angle": 0, "axis": "y", "origin": [8, 8, 0.5]},
			"faces": {
				"north": {"uv": [2, 1, 3, 7], "texture": "#particle", "tintindex": 0 },
				"east": {"uv": [0, 0, 0, 0], "texture": "#particle", "tintindex": 0 },
				"south": {"uv": [2, 1, 3, 7], "texture": "#particle", "tintindex": 0 },
				"west": {"uv": [2, 1, 3, 7], "texture": "#particle", "tintindex": 0 },
				"up": {"uv": [3, 1, 2, 2], "rotation": 180, "texture": "#particle", "tintindex": 0 },
				"down": {"uv": [3, 6, 2, 7], "rotation": 180, "texture": "#particle", "tintindex": 0 }
			}
		},
		{
			"from": [1, 12, 0],
			"to": [2, 15, 1],
			"rotation": {"angle": 0, "axis": "y", "origin": [8, 8, 0.5]},
			"faces": {
				"north": {"uv": [1, 1, 2, 4], "texture": "#particle", "tintindex": 0 },
				"east": {"uv": [0, 0, 0, 0], "texture": "#particle", "tintindex": 0 },
				"south": {"uv": [1, 1, 2, 4], "texture": "#particle", "tintindex": 0 },
				"west": {"uv": [1, 1, 2, 4], "texture": "#particle", "tintindex": 0 },
				"up": {"uv": [2, 1, 1, 2], "rotation": 180, "texture": "#particle", "tintindex": 0 },
				"down": {"uv": [2, 3, 1, 4], "rotation": 180, "texture": "#particle", "tintindex": 0 }
			}
		},
		{
			"from": [0, 8, 0],
			"to": [1, 10, 1],
			"rotation": {"angle": 0, "axis": "y", "origin": [8, 8, 0.5]},
			"faces": {
				"north": {"uv": [0, 6, 1, 8], "texture": "#particle", "tintindex": 0 },
				"east": {"uv": [0, 6, 1, 8], "texture": "#particle", "tintindex": 0 },
				"south": {"uv": [0, 6, 1, 8], "texture": "#particle", "tintindex": 0 },
				"west": {"uv": [0, 6, 1, 8], "texture": "#particle", "tintindex": 0 },
				"up": {"uv": [1, 6, 0, 7], "rotation": 180, "texture": "#particle", "tintindex": 0 },
				"down": {"uv": [1, 7, 0, 8], "rotation": 180, "texture": "#particle", "tintindex": 0 }
			}
		},
		{
			"from": [0, 12, 0],
			"to": [1, 14, 1],
			"rotation": {"angle": 0, "axis": "y", "origin": [8, 8, 0.5]},
			"faces": {
				"north": {"uv": [0, 2, 1, 4], "texture": "#particle", "tintindex": 0 },
				"east": {"uv": [0, 0, 0, 0], "texture": "#particle", "tintindex": 0 },
				"south": {"uv": [0, 2, 1, 4], "texture": "#particle", "tintindex": 0 },
				"west": {"uv": [0, 2, 1, 4], "texture": "#particle", "tintindex": 0 },
				"up": {"uv": [1, 2, 0, 4], "rotation": 180, "texture": "#particle", "tintindex": 0 },
				"down": {"uv": [1, 2, 0, 4], "rotation": 180, "texture": "#particle", "tintindex": 0 }
			}
		},
		{
			"from": [1, 9, 0],
			"to": [2, 11, 1],
			"rotation": {"angle": 0, "axis": "y", "origin": [8, 8, 0.5]},
			"faces": {
				"north": {"uv": [1, 5, 2, 7], "texture": "#particle", "tintindex": 0 },
				"east": {"uv": [0, 0, 0, 0], "texture": "#particle", "tintindex": 0 },
				"south": {"uv": [1, 5, 2, 7], "texture": "#particle", "tintindex": 0 },
				"west": {"uv": [1, 5, 2, 7], "texture": "#particle", "tintindex": 0 },
				"up": {"uv": [2, 5, 1, 7], "rotation": 180, "texture": "#particle", "tintindex": 0 },
				"down": {"uv": [2, 5, 1, 7], "rotation": 180, "texture": "#particle", "tintindex": 0 }
			}
		},
		{
			"from": [15, 1, 15],
			"to": [16, 4, 16],
			"rotation": {"angle": 0, "axis": "y", "origin": [8, 8, 6.5]},
			"faces": {
				"north": {"uv": [15, 12, 16, 15], "texture": "#particle", "tintindex": 0 },
				"east": {"uv": [15, 12, 16, 15], "texture": "#particle", "tintindex": 0 },
				"south": {"uv": [15, 12, 16, 15], "texture": "#particle", "tintindex": 0 },
				"west": {"uv": [15, 12, 16, 15], "texture": "#particle", "tintindex": 0 },
				"up": {"uv": [16, 12, 15, 13], "rotation": 270, "texture": "#particle", "tintindex": 0 },
				"down": {"uv": [16, 14, 15, 15], "rotation": 90, "texture": "#particle", "tintindex": 0 }
			}
		},
		{
			"from": [15, 2, 14],
			"to": [16, 4, 15],
			"rotation": {"angle": 0, "axis": "y", "origin": [8, 8, 6.5]},
			"faces": {
				"north": {"uv": [14, 12, 15, 14], "texture": "#particle", "tintindex": 0 },
				"east": {"uv": [14, 12, 15, 14], "texture": "#particle", "tintindex": 0 },
				"south": {"uv": [0, 0, 0, 0], "texture": "#particle", "tintindex": 0 },
				"west": {"uv": [14, 12, 15, 14], "texture": "#particle", "tintindex": 0 },
				"up": {"uv": [15, 12, 14, 13], "rotation": 270, "texture": "#particle", "tintindex": 0 },
				"down": {"uv": [15, 13, 14, 14], "rotation": 90, "texture": "#particle", "tintindex": 0 }
			}
		},
		{
			"from": [15, 0, 13],
			"to": [16, 1, 14],
			"rotation": {"angle": 0, "axis": "y", "origin": [8, 8, 6.5]},
			"faces": {
				"north": {"uv": [0, 0, 0, 0], "texture": "#particle", "tintindex": 0 },
				"east": {"uv": [13, 15, 14, 16], "texture": "#particle", "tintindex": 0 },
				"south": {"uv": [13, 15, 14, 16], "texture": "#particle", "tintindex": 0 },
				"west": {"uv": [13, 15, 14, 16], "texture": "#particle", "tintindex": 0 },
				"up": {"uv": [14, 15, 13, 16], "rotation": 270, "texture": "#particle", "tintindex": 0 },
				"down": {"uv": [14, 15, 13, 16], "rotation": 90, "texture": "#particle", "tintindex": 0 }
			}
		},
		{
			"from": [15, 2, 13],
			"to": [16, 3, 14],
			"rotation": {"angle": 0, "axis": "y", "origin": [8, 8, 6.5]},
			"faces": {
				"north": {"uv": [0, 0, 0, 0], "texture": "#particle", "tintindex": 0 },
				"east": {"uv": [13, 13, 14, 14], "texture": "#particle", "tintindex": 0 },
				"south": {"uv": [0, 0, 0, 0], "texture": "#particle", "tintindex": 0 },
				"west": {"uv": [13, 13, 14, 14], "texture": "#particle", "tintindex": 0 },
				"up": {"uv": [14, 13, 13, 14], "rotation": 270, "texture": "#particle", "tintindex": 0 },
				"down": {"uv": [14, 13, 13, 14], "rotation": 90, "texture": "#particle", "tintindex": 0 }
			}
		},
		{
			"from": [15, 0, 12],
			"to": [16, 4, 13],
			"rotation": {"angle": 0, "axis": "y", "origin": [8, 8, 6.5]},
			"faces": {
				"north": {"uv": [0, 0, 0, 0], "texture": "#particle", "tintindex": 0 },
				"east": {"uv": [12, 12, 13, 16], "texture": "#particle", "tintindex": 0 },
				"south": {"uv": [12, 12, 13, 16], "texture": "#particle", "tintindex": 0 },
				"west": {"uv": [12, 12, 13, 16], "texture": "#particle", "tintindex": 0 },
				"up": {"uv": [13, 12, 12, 13], "rotation": 270, "texture": "#particle", "tintindex": 0 },
				"down": {"uv": [13, 15, 12, 16], "rotation": 90, "texture": "#particle", "tintindex": 0 }
			}
		},
		{
			"from": [15, 0, 11],
			"to": [16, 10, 12],
			"rotation": {"angle": 0, "axis": "y", "origin": [8, 8, 6.5]},
			"faces": {
				"north": {"uv": [11, 6, 12, 16], "texture": "#particle", "tintindex": 0 },
				"east": {"uv": [11, 6, 12, 16], "texture": "#particle", "tintindex": 0 },
				"south": {"uv": [11, 6, 12, 16], "texture": "#particle", "tintindex": 0 },
				"west": {"uv": [11, 6, 12, 16], "texture": "#particle", "tintindex": 0 },
				"up": {"uv": [12, 6, 11, 7], "rotation": 270, "texture": "#particle", "tintindex": 0 },
				"down": {"uv": [12, 15, 11, 16], "rotation": 90, "texture": "#particle", "tintindex": 0 }
			}
		},
		{
			"from": [15, 1, 10],
			"to": [16, 2, 11],
			"rotation": {"angle": 0, "axis": "y", "origin": [8, 8, 6.5]},
			"faces": {
				"north": {"uv": [10, 14, 11, 15], "texture": "#particle", "tintindex": 0 },
				"east": {"uv": [10, 14, 11, 15], "texture": "#particle", "tintindex": 0 },
				"south": {"uv": [0, 0, 0, 0], "texture": "#particle", "tintindex": 0 },
				"west": {"uv": [10, 14, 11, 15], "texture": "#particle", "tintindex": 0 },
				"up": {"uv": [11, 14, 10, 15], "rotation": 270, "texture": "#particle", "tintindex": 0 },
				"down": {"uv": [11, 14, 10, 15], "rotation": 90, "texture": "#particle", "tintindex": 0 }
			}
		},
		{
			"from": [15, 0, 5],
			"to": [16, 1, 7],
			"rotation": {"angle": 0, "axis": "y", "origin": [8, 8, 6.5]},
			"faces": {
				"north": {"uv": [0, 0, 0, 0], "texture": "#particle", "tintindex": 0 },
				"east": {"uv": [7, 15, 5, 16], "texture": "#particle", "tintindex": 0 },
				"south": {"uv": [6, 15, 7, 16], "texture": "#particle", "tintindex": 0 },
				"west": {"uv": [5, 15, 7, 16], "texture": "#particle", "tintindex": 0 },
				"up": {"uv": [7, 15, 5, 16], "rotation": 270, "texture": "#particle", "tintindex": 0 },
				"down": {"uv": [7, 15, 5, 16], "rotation": 90, "texture": "#particle", "tintindex": 0 }
			}
		},
		{
			"from": [15, 0, 8],
			"to": [16, 1, 10],
			"rotation": {"angle": 0, "axis": "y", "origin": [8, 8, 6.5]},
			"faces": {
				"north": {"uv": [8, 15, 9, 16], "texture": "#particle", "tintindex": 0 },
				"east": {"uv": [10, 15, 8, 16], "texture": "#particle", "tintindex": 0 },
				"south": {"uv": [9, 15, 10, 16], "texture": "#particle", "tintindex": 0 },
				"west": {"uv": [8, 15, 10, 16], "texture": "#particle", "tintindex": 0 },
				"up": {"uv": [10, 15, 8, 16], "rotation": 270, "texture": "#particle", "tintindex": 0 },
				"down": {"uv": [10, 15, 8, 16], "rotation": 90, "texture": "#particle", "tintindex": 0 }
			}
		},
		{
			"from": [15, 2, 9],
			"to": [16, 5, 10],
			"rotation": {"angle": 0, "axis": "y", "origin": [8, 8, 6.5]},
			"faces": {
				"north": {"uv": [9, 11, 10, 14], "texture": "#particle", "tintindex": 0 },
				"east": {"uv": [9, 11, 10, 14], "texture": "#particle", "tintindex": 0 },
				"south": {"uv": [9, 11, 10, 14], "texture": "#particle", "tintindex": 0 },
				"west": {"uv": [9, 11, 10, 14], "texture": "#particle", "tintindex": 0 },
				"up": {"uv": [10, 11, 9, 12], "rotation": 270, "texture": "#particle", "tintindex": 0 },
				"down": {"uv": [10, 13, 9, 14], "rotation": 90, "texture": "#particle", "tintindex": 0 }
			}
		},
		{
			"from": [15, 3, 10],
			"to": [16, 7, 11],
			"rotation": {"angle": 0, "axis": "y", "origin": [8, 8, 6.5]},
			"faces": {
				"north": {"uv": [10, 9, 11, 13], "texture": "#particle", "tintindex": 0 },
				"east": {"uv": [10, 9, 11, 13], "texture": "#particle", "tintindex": 0 },
				"south": {"uv": [0, 0, 0, 0], "texture": "#particle", "tintindex": 0 },
				"west": {"uv": [10, 9, 11, 13], "texture": "#particle", "tintindex": 0 },
				"up": {"uv": [11, 9, 10, 10], "rotation": 270, "texture": "#particle", "tintindex": 0 },
				"down": {"uv": [11, 12, 10, 13], "rotation": 90, "texture": "#particle", "tintindex": 0 }
			}
		},
		{
			"from": [15, 8, 10],
			"to": [16, 9, 11],
			"rotation": {"angle": 0, "axis": "y", "origin": [8, 8, 6.5]},
			"faces": {
				"north": {"uv": [10, 7, 11, 8], "texture": "#particle", "tintindex": 0 },
				"east": {"uv": [10, 7, 11, 8], "texture": "#particle", "tintindex": 0 },
				"south": {"uv": [0, 0, 0, 0], "texture": "#particle", "tintindex": 0 },
				"west": {"uv": [10, 7, 11, 8], "texture": "#particle", "tintindex": 0 },
				"up": {"uv": [11, 7, 10, 8], "rotation": 270, "texture": "#particle", "tintindex": 0 },
				"down": {"uv": [11, 7, 10, 8], "rotation": 90, "texture": "#particle", "tintindex": 0 }
			}
		},
		{
			"from": [15, 6, 14],
			"to": [16, 7, 15],
			"rotation": {"angle": 0, "axis": "y", "origin": [8, 8, 6.5]},
			"faces": {
				"north": {"uv": [0, 0, 0, 0], "texture": "#particle", "tintindex": 0 },
				"east": {"uv": [14, 9, 15, 10], "texture": "#particle", "tintindex": 0 },
				"south": {"uv": [14, 9, 15, 10], "texture": "#particle", "tintindex": 0 },
				"west": {"uv": [14, 9, 15, 10], "texture": "#particle", "tintindex": 0 },
				"up": {"uv": [15, 9, 14, 10], "rotation": 270, "texture": "#particle", "tintindex": 0 },
				"down": {"uv": [15, 9, 14, 10], "rotation": 90, "texture": "#particle", "tintindex": 0 }
			}
		},
		{
			"from": [15, 6, 12],
			"to": [16, 16, 13],
			"rotation": {"angle": 0, "axis": "y", "origin": [8, 8, 6.5]},
			"faces": {
				"north": {"uv": [12, 0, 13, 10], "texture": "#particle", "tintindex": 0 },
				"east": {"uv": [12, 0, 13, 10], "texture": "#particle", "tintindex": 0 },
				"south": {"uv": [0, 0, 0, 0], "texture": "#particle", "tintindex": 0 },
				"west": {"uv": [12, 0, 13, 10], "texture": "#particle", "tintindex": 0 },
				"up": {"uv": [13, 0, 12, 1], "rotation": 270, "texture": "#particle", "tintindex": 0 },
				"down": {"uv": [13, 9, 12, 10], "rotation": 90, "texture": "#particle", "tintindex": 0 }
			}
		},
		{
			"from": [15, 10, 14],
			"to": [16, 11, 16],
			"rotation": {"angle": 0, "axis": "y", "origin": [8, 8, 6.5]},
			"faces": {
				"north": {"uv": [0, 0, 0, 0], "texture": "#particle", "tintindex": 0 },
				"east": {"uv": [14, 5, 16, 6], "texture": "#particle", "tintindex": 0 },
				"south": {"uv": [14, 5, 16, 6], "texture": "#particle", "tintindex": 0 },
				"west": {"uv": [14, 5, 16, 6], "texture": "#particle", "tintindex": 0 },
				"up": {"uv": [16, 5, 14, 6], "rotation": 270, "texture": "#particle", "tintindex": 0 },
				"down": {"uv": [16, 5, 14, 6], "rotation": 90, "texture": "#particle", "tintindex": 0 }
			}
		},
		{
			"from": [15, 14, 14],
			"to": [16, 16, 15],
			"rotation": {"angle": 0, "axis": "y", "origin": [8, 8, 6.5]},
			"faces": {
				"north": {"uv": [0, 0, 0, 0], "texture": "#particle", "tintindex": 0 },
				"east": {"uv": [14, 0, 15, 2], "texture": "#particle", "tintindex": 0 },
				"south": {"uv": [14, 0, 15, 2], "texture": "#particle", "tintindex": 0 },
				"west": {"uv": [14, 0, 15, 2], "texture": "#particle", "tintindex": 0 },
				"up": {"uv": [15, 0, 14, 2], "rotation": 270, "texture": "#particle", "tintindex": 0 },
				"down": {"uv": [15, 0, 14, 2], "rotation": 90, "texture": "#particle", "tintindex": 0 }
			}
		},
		{
			"from": [15, 6, 13],
			"to": [16, 16, 14],
			"rotation": {"angle": 0, "axis": "y", "origin": [8, 8, 6.5]},
			"faces": {
				"north": {"uv": [0, 0, 0, 0], "texture": "#particle", "tintindex": 0 },
				"east": {"uv": [13, 0, 14, 10], "texture": "#particle", "tintindex": 0 },
				"south": {"uv": [13, 0, 14, 10], "texture": "#particle", "tintindex": 0 },
				"west": {"uv": [13, 0, 14, 10], "texture": "#particle", "tintindex": 0 },
				"up": {"uv": [14, 0, 13, 1], "rotation": 270, "texture": "#particle", "tintindex": 0 },
				"down": {"uv": [14, 9, 13, 10], "rotation": 90, "texture": "#particle", "tintindex": 0 }
			}
		},
		{
			"from": [15, 11, 11],
			"to": [16, 16, 12],
			"rotation": {"angle": 0, "axis": "y", "origin": [8, 8, 6.5]},
			"faces": {
				"north": {"uv": [11, 0, 12, 5], "texture": "#particle", "tintindex": 0 },
				"east": {"uv": [11, 0, 12, 5], "texture": "#particle", "tintindex": 0 },
				"south": {"uv": [0, 0, 0, 0], "texture": "#particle", "tintindex": 0 },
				"west": {"uv": [11, 0, 12, 5], "texture": "#particle", "tintindex": 0 },
				"up": {"uv": [12, 0, 11, 1], "rotation": 270, "texture": "#particle", "tintindex": 0 },
				"down": {"uv": [12, 4, 11, 5], "rotation": 90, "texture": "#particle", "tintindex": 0 }
			}
		},
		{
			"from": [15, 11, 10],
			"to": [16, 14, 11],
			"rotation": {"angle": 0, "axis": "y", "origin": [8, 8, 6.5]},
			"faces": {
				"north": {"uv": [10, 2, 11, 5], "texture": "#particle", "tintindex": 0 },
				"east": {"uv": [10, 2, 11, 5], "texture": "#particle", "tintindex": 0 },
				"south": {"uv": [0, 0, 0, 0], "texture": "#particle", "tintindex": 0 },
				"west": {"uv": [10, 2, 11, 5], "texture": "#particle", "tintindex": 0 },
				"up": {"uv": [11, 2, 10, 3], "rotation": 270, "texture": "#particle", "tintindex": 0 },
				"down": {"uv": [11, 4, 10, 5], "rotation": 90, "texture": "#particle", "tintindex": 0 }
			}
		},
		{
			"from": [15, 14, 9],
			"to": [16, 16, 10],
			"rotation": {"angle": 0, "axis": "y", "origin": [8, 8, 6.5]},
			"faces": {
				"north": {"uv": [9, 0, 10, 2], "texture": "#particle", "tintindex": 0 },
				"east": {"uv": [9, 0, 10, 2], "texture": "#particle", "tintindex": 0 },
				"south": {"uv": [9, 0, 10, 2], "texture": "#particle", "tintindex": 0 },
				"west": {"uv": [9, 0, 10, 2], "texture": "#particle", "tintindex": 0 },
				"up": {"uv": [10, 0, 9, 1], "rotation": 270, "texture": "#particle", "tintindex": 0 },
				"down": {"uv": [10, 1, 9, 2], "rotation": 90, "texture": "#particle", "tintindex": 0 }
			}
		},
		{
			"from": [15, 10, 9],
			"to": [16, 13, 10],
			"rotation": {"angle": 0, "axis": "y", "origin": [8, 8, 6.5]},
			"faces": {
				"north": {"uv": [9, 3, 10, 6], "texture": "#particle", "tintindex": 0 },
				"east": {"uv": [9, 3, 10, 6], "texture": "#particle", "tintindex": 0 },
				"south": {"uv": [9, 3, 10, 6], "texture": "#particle", "tintindex": 0 },
				"west": {"uv": [9, 3, 10, 6], "texture": "#particle", "tintindex": 0 },
				"up": {"uv": [10, 3, 9, 4], "rotation": 270, "texture": "#particle", "tintindex": 0 },
				"down": {"uv": [10, 5, 9, 6], "rotation": 90, "texture": "#particle", "tintindex": 0 }
			}
		},
		{
			"from": [15, 0, 3],
			"to": [16, 5, 4],
			"rotation": {"angle": 0, "axis": "y", "origin": [8, 8, 6.5]},
			"faces": {
				"north": {"uv": [0, 0, 0, 0], "texture": "#particle", "tintindex": 0 },
				"east": {"uv": [3, 11, 4, 16], "texture": "#particle", "tintindex": 0 },
				"south": {"uv": [0, 0, 0, 0], "texture": "#particle", "tintindex": 0 },
				"west": {"uv": [3, 11, 4, 16], "texture": "#particle", "tintindex": 0 },
				"up": {"uv": [4, 11, 3, 12], "rotation": 270, "texture": "#particle", "tintindex": 0 },
				"down": {"uv": [4, 15, 3, 16], "rotation": 90, "texture": "#particle", "tintindex": 0 }
			}
		},
		{
			"from": [15, 8, 8],
			"to": [16, 11, 9],
			"rotation": {"angle": 0, "axis": "y", "origin": [8, 8, 6.5]},
			"faces": {
				"north": {"uv": [8, 5, 9, 8], "texture": "#particle", "tintindex": 0 },
				"east": {"uv": [8, 5, 9, 8], "texture": "#particle", "tintindex": 0 },
				"south": {"uv": [8, 5, 9, 8], "texture": "#particle", "tintindex": 0 },
				"west": {"uv": [8, 5, 9, 8], "texture": "#particle", "tintindex": 0 },
				"up": {"uv": [9, 5, 8, 6], "rotation": 270, "texture": "#particle", "tintindex": 0 },
				"down": {"uv": [9, 7, 8, 8], "rotation": 90, "texture": "#particle", "tintindex": 0 }
			}
		},
		{
			"from": [15, 7, 6],
			"to": [16, 10, 7],
			"rotation": {"angle": 0, "axis": "y", "origin": [8, 8, 6.5]},
			"faces": {
				"north": {"uv": [0, 0, 0, 0], "texture": "#particle", "tintindex": 0 },
				"east": {"uv": [6, 6, 7, 9], "texture": "#particle", "tintindex": 0 },
				"south": {"uv": [6, 6, 7, 9], "texture": "#particle", "tintindex": 0 },
				"west": {"uv": [6, 6, 7, 9], "texture": "#particle", "tintindex": 0 },
				"up": {"uv": [7, 6, 6, 7], "rotation": 270, "texture": "#particle", "tintindex": 0 },
				"down": {"uv": [7, 8, 6, 9], "rotation": 90, "texture": "#particle", "tintindex": 0 }
			}
		},
		{
			"from": [15, 2, 6],
			"to": [16, 5, 7],
			"rotation": {"angle": 0, "axis": "y", "origin": [8, 8, 6.5]},
			"faces": {
				"north": {"uv": [6, 11, 7, 14], "texture": "#particle", "tintindex": 0 },
				"east": {"uv": [6, 11, 7, 14], "texture": "#particle", "tintindex": 0 },
				"south": {"uv": [6, 11, 7, 14], "texture": "#particle", "tintindex": 0 },
				"west": {"uv": [6, 11, 7, 14], "texture": "#particle", "tintindex": 0 },
				"up": {"uv": [7, 11, 6, 14], "rotation": 270, "texture": "#particle", "tintindex": 0 },
				"down": {"uv": [7, 11, 6, 14], "rotation": 90, "texture": "#particle", "tintindex": 0 }
			}
		},
		{
			"from": [15, 15, 6],
			"to": [16, 16, 9],
			"rotation": {"angle": 0, "axis": "y", "origin": [8, 8, 6.5]},
			"faces": {
				"north": {"uv": [0, 0, 0, 0], "texture": "#particle", "tintindex": 0 },
				"east": {"uv": [6, 0, 9, 1], "texture": "#particle", "tintindex": 0 },
				"south": {"uv": [0, 0, 0, 0], "texture": "#particle", "tintindex": 0 },
				"west": {"uv": [6, 0, 9, 1], "texture": "#particle", "tintindex": 0 },
				"up": {"uv": [9, 0, 6, 1], "rotation": 270, "texture": "#particle", "tintindex": 0 },
				"down": {"uv": [9, 0, 6, 1], "rotation": 90, "texture": "#particle", "tintindex": 0 }
			}
		},
		{
			"from": [15, 3, 5],
			"to": [16, 10, 6],
			"rotation": {"angle": 0, "axis": "y", "origin": [8, 8, 6.5]},
			"faces": {
				"north": {"uv": [0, 0, 0, 0], "texture": "#particle", "tintindex": 0 },
				"east": {"uv": [5, 6, 6, 13], "texture": "#particle", "tintindex": 0 },
				"south": {"uv": [5, 6, 6, 13], "texture": "#particle", "tintindex": 0 },
				"west": {"uv": [5, 6, 6, 13], "texture": "#particle", "tintindex": 0 },
				"up": {"uv": [6, 6, 5, 7], "rotation": 270, "texture": "#particle", "tintindex": 0 },
				"down": {"uv": [6, 12, 5, 13], "rotation": 90, "texture": "#particle", "tintindex": 0 }
			}
		},
		{
			"from": [15, 9, 7],
			"to": [16, 11, 8],
			"rotation": {"angle": 0, "axis": "y", "origin": [8, 8, 6.5]},
			"faces": {
				"north": {"uv": [7, 5, 8, 7], "texture": "#particle", "tintindex": 0 },
				"east": {"uv": [7, 5, 8, 7], "texture": "#particle", "tintindex": 0 },
				"south": {"uv": [0, 0, 0, 0], "texture": "#particle", "tintindex": 0 },
				"west": {"uv": [7, 5, 8, 7], "texture": "#particle", "tintindex": 0 },
				"up": {"uv": [8, 5, 7, 7], "rotation": 270, "texture": "#particle", "tintindex": 0 },
				"down": {"uv": [8, 5, 7, 7], "rotation": 90, "texture": "#particle", "tintindex": 0 }
			}
		},
		{
			"from": [15, 13, 4],
			"to": [16, 16, 5],
			"rotation": {"angle": 0, "axis": "y", "origin": [8, 8, 6.5]},
			"faces": {
				"north": {"uv": [0, 0, 0, 0], "texture": "#particle", "tintindex": 0 },
				"east": {"uv": [4, 0, 5, 3], "texture": "#particle", "tintindex": 0 },
				"south": {"uv": [4, 0, 5, 3], "texture": "#particle", "tintindex": 0 },
				"west": {"uv": [4, 0, 5, 3], "texture": "#particle", "tintindex": 0 },
				"up": {"uv": [5, 0, 4, 1], "rotation": 270, "texture": "#particle", "tintindex": 0 },
				"down": {"uv": [5, 2, 4, 3], "rotation": 90, "texture": "#particle", "tintindex": 0 }
			}
		},
		{
			"from": [15, 0, 2],
			"to": [16, 5, 3],
			"rotation": {"angle": 0, "axis": "y", "origin": [8, 8, 6.5]},
			"faces": {
				"north": {"uv": [2, 11, 3, 16], "texture": "#particle", "tintindex": 0 },
				"east": {"uv": [2, 11, 3, 16], "texture": "#particle", "tintindex": 0 },
				"south": {"uv": [0, 0, 0, 0], "texture": "#particle", "tintindex": 0 },
				"west": {"uv": [2, 11, 3, 16], "texture": "#particle", "tintindex": 0 },
				"up": {"uv": [3, 11, 2, 12], "rotation": 270, "texture": "#particle", "tintindex": 0 },
				"down": {"uv": [3, 15, 2, 16], "rotation": 90, "texture": "#particle", "tintindex": 0 }
			}
		},
		{
			"from": [15, 1, 1],
			"to": [16, 4, 2],
			"rotation": {"angle": 0, "axis": "y", "origin": [8, 8, 6.5]},
			"faces": {
				"north": {"uv": [1, 12, 2, 15], "texture": "#particle", "tintindex": 0 },
				"east": {"uv": [1, 12, 2, 15], "texture": "#particle", "tintindex": 0 },
				"south": {"uv": [0, 0, 0, 0], "texture": "#particle", "tintindex": 0 },
				"west": {"uv": [1, 12, 2, 15], "texture": "#particle", "tintindex": 0 },
				"up": {"uv": [2, 12, 1, 13], "rotation": 270, "texture": "#particle", "tintindex": 0 },
				"down": {"uv": [2, 14, 1, 15], "rotation": 90, "texture": "#particle", "tintindex": 0 }
			}
		},
		{
			"from": [15, 0, 4],
			"to": [16, 11, 5],
			"rotation": {"angle": 0, "axis": "y", "origin": [8, 8, 6.5]},
			"faces": {
				"north": {"uv": [4, 5, 5, 16], "texture": "#particle", "tintindex": 0 },
				"east": {"uv": [4, 5, 5, 16], "texture": "#particle", "tintindex": 0 },
				"south": {"uv": [4, 5, 5, 16], "texture": "#particle", "tintindex": 0 },
				"west": {"uv": [4, 5, 5, 16], "texture": "#particle", "tintindex": 0 },
				"up": {"uv": [5, 5, 4, 6], "rotation": 270, "texture": "#particle", "tintindex": 0 },
				"down": {"uv": [5, 15, 4, 16], "rotation": 90, "texture": "#particle", "tintindex": 0 }
			}
		},
		{
			"from": [15, 14, 5],
			"to": [16, 16, 6],
			"rotation": {"angle": 0, "axis": "y", "origin": [8, 8, 6.5]},
			"faces": {
				"north": {"uv": [0, 0, 0, 0], "texture": "#particle", "tintindex": 0 },
				"east": {"uv": [5, 0, 6, 2], "texture": "#particle", "tintindex": 0 },
				"south": {"uv": [5, 0, 6, 2], "texture": "#particle", "tintindex": 0 },
				"west": {"uv": [5, 0, 6, 2], "texture": "#particle", "tintindex": 0 },
				"up": {"uv": [6, 0, 5, 1], "rotation": 270, "texture": "#particle", "tintindex": 0 },
				"down": {"uv": [6, 1, 5, 2], "rotation": 90, "texture": "#particle", "tintindex": 0 }
			}
		},
		{
			"from": [15, 8, 3],
			"to": [16, 16, 4],
			"rotation": {"angle": 0, "axis": "y", "origin": [8, 8, 6.5]},
			"faces": {
				"north": {"uv": [3, 0, 4, 8], "texture": "#particle", "tintindex": 0 },
				"east": {"uv": [3, 0, 4, 8], "texture": "#particle", "tintindex": 0 },
				"south": {"uv": [3, 0, 4, 8], "texture": "#particle", "tintindex": 0 },
				"west": {"uv": [3, 0, 4, 8], "texture": "#particle", "tintindex": 0 },
				"up": {"uv": [4, 0, 3, 1], "rotation": 270, "texture": "#particle", "tintindex": 0 },
				"down": {"uv": [4, 7, 3, 8], "rotation": 90, "texture": "#particle", "tintindex": 0 }
			}
		},
		{
			"from": [15, 9, 2],
			"to": [16, 15, 3],
			"rotation": {"angle": 0, "axis": "y", "origin": [8, 8, 6.5]},
			"faces": {
				"north": {"uv": [2, 1, 3, 7], "texture": "#particle", "tintindex": 0 },
				"east": {"uv": [2, 1, 3, 7], "texture": "#particle", "tintindex": 0 },
				"south": {"uv": [0, 0, 0, 0], "texture": "#particle", "tintindex": 0 },
				"west": {"uv": [2, 1, 3, 7], "texture": "#particle", "tintindex": 0 },
				"up": {"uv": [3, 1, 2, 2], "rotation": 270, "texture": "#particle", "tintindex": 0 },
				"down": {"uv": [3, 6, 2, 7], "rotation": 90, "texture": "#particle", "tintindex": 0 }
			}
		},
		{
			"from": [15, 12, 1],
			"to": [16, 15, 2],
			"rotation": {"angle": 0, "axis": "y", "origin": [8, 8, 6.5]},
			"faces": {
				"north": {"uv": [1, 1, 2, 4], "texture": "#particle", "tintindex": 0 },
				"east": {"uv": [1, 1, 2, 4], "texture": "#particle", "tintindex": 0 },
				"south": {"uv": [0, 0, 0, 0], "texture": "#particle", "tintindex": 0 },
				"west": {"uv": [1, 1, 2, 4], "texture": "#particle", "tintindex": 0 },
				"up": {"uv": [2, 1, 1, 2], "rotation": 270, "texture": "#particle", "tintindex": 0 },
				"down": {"uv": [2, 3, 1, 4], "rotation": 90, "texture": "#particle", "tintindex": 0 }
			}
		},
		{
			"from": [15, 9, 1],
			"to": [16, 11, 2],
			"rotation": {"angle": 0, "axis": "y", "origin": [8, 8, 6.5]},
			"faces": {
				"north": {"uv": [1, 5, 2, 7], "texture": "#particle", "tintindex": 0 },
				"east": {"uv": [1, 5, 2, 7], "texture": "#particle", "tintindex": 0 },
				"south": {"uv": [0, 0, 0, 0], "texture": "#particle", "tintindex": 0 },
				"west": {"uv": [1, 5, 2, 7], "texture": "#particle", "tintindex": 0 },
				"up": {"uv": [2, 5, 1, 7], "rotation": 270, "texture": "#particle", "tintindex": 0 },
				"down": {"uv": [2, 5, 1, 7], "rotation": 90, "texture": "#particle", "tintindex": 0 }
			}
		}
	],
	"groups": [
		0,
		1,
		2,
		3,
		4,
		5,
		6,
		7,
		8,
		9,
		10,
		11,
		12,
		13,
		14,
		15,
		16,
		17,
		18,
		19,
		20,
		21,
		22,
		23,
		24,
		25,
		26,
		27,
		28,
		29,
		30,
		31,
		32,
		33,
		34,
		35,
		36,
		37,
		38,
		39,
		{
			"name": "group",
			"origin": [8, 8, 6.5],
			"color": 0,
			"children": [40, 41, 42, 43, 44, 45, 46, 47, 48, 49, 50, 51, 52, 53, 54, 55, 56, 57, 58, 59, 60, 61, 62, 63, 64, 65, 66, 67, 68, 69, 70, 71, 72, 73, 74, 75, 76]
		}
	]
}