{
	"credit": "Made with Blockbench",
	"ambientocclusion": false,
	"textures": {
		"particle": "blocks/vine",
		"vine": "blocks/vine"
	},
	"elements": [
		{
			"from": [5, 14.5, 3],
			"to": [6, 15.5, 10],
			"rotation": {"angle": 0, "axis": "y", "origin": [8.5, 8, 8]},
			"faces": {
				"north": {"uv": [6, 12, 5, 13], "texture": "#vine", "tintindex": 0 },
				"east": {"uv": [5, 6, 6, 13], "rotation": 270, "texture": "#vine", "tintindex": 0 },
				"south": {"uv": [6, 6, 5, 7], "rotation": 180, "texture": "#vine", "tintindex": 0 },
				"up": {"uv": [5, 6, 6, 13], "rotation": 180, "texture": "#vine", "tintindex": 0 },
				"down": {"uv": [5, 6, 6, 13], "texture": "#vine", "tintindex": 0 }
			}
		},
		{
			"from": [15, 14.5, 1],
			"to": [16, 15.5, 4],
			"rotation": {"angle": 0, "axis": "y", "origin": [8.5, 8, 8]},
			"faces": {
				"north": {"uv": [16, 14, 15, 15], "texture": "#vine", "tintindex": 0 },
				"east": {"uv": [15, 12, 16, 15], "rotation": 270, "texture": "#vine", "tintindex": 0 },
				"south": {"uv": [16, 12, 15, 13], "rotation": 180, "texture": "#vine", "tintindex": 0 },
				"west": {"uv": [15, 12, 16, 15], "rotation": 90, "texture": "#vine", "tintindex": 0 },
				"up": {"uv": [15, 12, 16, 15], "rotation": 180, "texture": "#vine", "tintindex": 0 },
				"down": {"uv": [15, 12, 16, 15], "texture": "#vine", "tintindex": 0 }
			}
		},
		{
			"from": [14, 14.5, 2],
			"to": [15, 15.5, 4],
			"rotation": {"angle": 0, "axis": "y", "origin": [8.5, 8, 8]},
			"faces": {
				"north": {"uv": [15, 13, 14, 14], "texture": "#vine", "tintindex": 0 },
				"south": {"uv": [15, 12, 14, 13], "rotation": 180, "texture": "#vine", "tintindex": 0 },
				"west": {"uv": [14, 12, 15, 14], "rotation": 90, "texture": "#vine", "tintindex": 0 },
				"up": {"uv": [14, 12, 15, 14], "rotation": 180, "texture": "#vine", "tintindex": 0 },
				"down": {"uv": [14, 12, 15, 14], "texture": "#vine", "tintindex": 0 }
			}
		},
		{
			"from": [13, 14.5, 0],
			"to": [14, 15.5, 1],
			"rotation": {"angle": 0, "axis": "y", "origin": [8.5, 8, 8]},
			"faces": {
				"north": {"uv": [14, 15, 13, 16], "texture": "#vine", "tintindex": 0 },
				"east": {"uv": [13, 15, 14, 16], "rotation": 270, "texture": "#vine", "tintindex": 0 },
				"south": {"uv": [14, 15, 13, 16], "rotation": 180, "texture": "#vine", "tintindex": 0 },
				"up": {"uv": [13, 15, 14, 16], "rotation": 180, "texture": "#vine", "tintindex": 0 },
				"down": {"uv": [13, 15, 14, 16], "texture": "#vine", "tintindex": 0 }
			}
		},
		{
			"from": [13, 14.5, 2],
			"to": [14, 15.5, 3],
			"rotation": {"angle": 0, "axis": "y", "origin": [8.5, 8, 8]},
			"faces": {
				"north": {"uv": [14, 13, 13, 14], "texture": "#vine", "tintindex": 0 },
				"south": {"uv": [14, 13, 13, 14], "rotation": 180, "texture": "#vine", "tintindex": 0 },
				"up": {"uv": [13, 13, 14, 14], "rotation": 180, "texture": "#vine", "tintindex": 0 },
				"down": {"uv": [13, 13, 14, 14], "texture": "#vine", "tintindex": 0 }
			}
		},
		{
			"from": [12, 14.5, 0],
			"to": [13, 15.5, 4],
			"rotation": {"angle": 0, "axis": "y", "origin": [8.5, 8, 8]},
			"faces": {
				"north": {"uv": [13, 15, 12, 16], "texture": "#vine", "tintindex": 0 },
				"east": {"uv": [12, 12, 13, 16], "rotation": 270, "texture": "#vine", "tintindex": 0 },
				"south": {"uv": [13, 12, 12, 13], "rotation": 180, "texture": "#vine", "tintindex": 0 },
				"up": {"uv": [12, 12, 13, 16], "rotation": 180, "texture": "#vine", "tintindex": 0 },
				"down": {"uv": [12, 12, 13, 16], "texture": "#vine", "tintindex": 0 }
			}
		},
		{
			"from": [11, 14.5, 0],
			"to": [12, 15.5, 10],
			"rotation": {"angle": 0, "axis": "y", "origin": [8.5, 8, 8]},
			"faces": {
				"north": {"uv": [12, 15, 11, 16], "texture": "#vine", "tintindex": 0 },
				"east": {"uv": [11, 6, 12, 16], "rotation": 270, "texture": "#vine", "tintindex": 0 },
				"south": {"uv": [12, 6, 11, 7], "rotation": 180, "texture": "#vine", "tintindex": 0 },
				"west": {"uv": [11, 6, 12, 16], "rotation": 90, "texture": "#vine", "tintindex": 0 },
				"up": {"uv": [11, 6, 12, 16], "rotation": 180, "texture": "#vine", "tintindex": 0 },
				"down": {"uv": [11, 6, 12, 16], "texture": "#vine", "tintindex": 0 }
			}
		},
		{
			"from": [10, 14.5, 1],
			"to": [11, 15.5, 2],
			"rotation": {"angle": 0, "axis": "y", "origin": [8.5, 8, 8]},
			"faces": {
				"north": {"uv": [11, 14, 10, 15], "texture": "#vine", "tintindex": 0 },
				"south": {"uv": [11, 14, 10, 15], "rotation": 180, "texture": "#vine", "tintindex": 0 },
				"west": {"uv": [10, 14, 11, 15], "rotation": 90, "texture": "#vine", "tintindex": 0 },
				"up": {"uv": [10, 14, 11, 15], "rotation": 180, "texture": "#vine", "tintindex": 0 },
				"down": {"uv": [10, 14, 11, 15], "texture": "#vine", "tintindex": 0 }
			}
		},
		{
			"from": [5, 14.5, 0],
			"to": [7, 15.5, 1],
			"rotation": {"angle": 0, "axis": "y", "origin": [8.5, 8, 8]},
			"faces": {
				"north": {"uv": [7, 15, 5, 16], "texture": "#vine", "tintindex": 0 },
				"east": {"uv": [6, 15, 7, 16], "rotation": 270, "texture": "#vine", "tintindex": 0 },
				"south": {"uv": [7, 15, 5, 16], "rotation": 180, "texture": "#vine", "tintindex": 0 },
				"up": {"uv": [7, 15, 5, 16], "rotation": 180, "texture": "#vine", "tintindex": 0 },
				"down": {"uv": [5, 15, 7, 16], "texture": "#vine", "tintindex": 0 }
			}
		},
		{
			"from": [8, 14.5, 0],
			"to": [10, 15.5, 1],
			"rotation": {"angle": 0, "axis": "y", "origin": [8.5, 8, 8]},
			"faces": {
				"north": {"uv": [10, 15, 8, 16], "texture": "#vine", "tintindex": 0 },
				"east": {"uv": [9, 15, 10, 16], "rotation": 270, "texture": "#vine", "tintindex": 0 },
				"south": {"uv": [10, 15, 8, 16], "rotation": 180, "texture": "#vine", "tintindex": 0 },
				"west": {"uv": [8, 15, 9, 16], "rotation": 90, "texture": "#vine", "tintindex": 0 },
				"up": {"uv": [10, 15, 8, 16], "rotation": 180, "texture": "#vine", "tintindex": 0 },
				"down": {"uv": [8, 15, 10, 16], "texture": "#vine", "tintindex": 0 }
			}
		},
		{
			"from": [9, 14.5, 2],
			"to": [10, 15.5, 5],
			"rotation": {"angle": 0, "axis": "y", "origin": [8.5, 8, 8]},
			"faces": {
				"north": {"uv": [10, 13, 9, 14], "texture": "#vine", "tintindex": 0 },
				"east": {"uv": [9, 11, 10, 14], "rotation": 270, "texture": "#vine", "tintindex": 0 },
				"south": {"uv": [10, 11, 9, 12], "rotation": 180, "texture": "#vine", "tintindex": 0 },
				"west": {"uv": [9, 11, 10, 14], "rotation": 90, "texture": "#vine", "tintindex": 0 },
				"up": {"uv": [9, 11, 10, 14], "rotation": 180, "texture": "#vine", "tintindex": 0 },
				"down": {"uv": [9, 11, 10, 14], "texture": "#vine", "tintindex": 0 }
			}
		},
		{
			"from": [10, 14.5, 3],
			"to": [11, 15.5, 7],
			"rotation": {"angle": 0, "axis": "y", "origin": [8.5, 8, 8]},
			"faces": {
				"north": {"uv": [11, 12, 10, 13], "texture": "#vine", "tintindex": 0 },
				"south": {"uv": [11, 9, 10, 10], "rotation": 180, "texture": "#vine", "tintindex": 0 },
				"west": {"uv": [10, 9, 11, 13], "rotation": 90, "texture": "#vine", "tintindex": 0 },
				"up": {"uv": [10, 9, 11, 13], "rotation": 180, "texture": "#vine", "tintindex": 0 },
				"down": {"uv": [10, 9, 11, 13], "texture": "#vine", "tintindex": 0 }
			}
		},
		{
			"from": [10, 14.5, 8],
			"to": [11, 15.5, 9],
			"rotation": {"angle": 0, "axis": "y", "origin": [8.5, 8, 8]},
			"faces": {
				"north": {"uv": [11, 7, 10, 8], "texture": "#vine", "tintindex": 0 },
				"south": {"uv": [11, 7, 10, 8], "rotation": 180, "texture": "#vine", "tintindex": 0 },
				"west": {"uv": [10, 7, 11, 8], "rotation": 90, "texture": "#vine", "tintindex": 0 },
				"up": {"uv": [10, 7, 11, 8], "rotation": 180, "texture": "#vine", "tintindex": 0 },
				"down": {"uv": [10, 7, 11, 8], "texture": "#vine", "tintindex": 0 }
			}
		},
		{
			"from": [14, 14.5, 6],
			"to": [15, 15.5, 7],
			"rotation": {"angle": 0, "axis": "y", "origin": [8.5, 8, 8]},
			"faces": {
				"north": {"uv": [15, 9, 14, 10], "texture": "#vine", "tintindex": 0 },
				"east": {"uv": [14, 9, 15, 10], "rotation": 270, "texture": "#vine", "tintindex": 0 },
				"south": {"uv": [15, 9, 14, 10], "rotation": 180, "texture": "#vine", "tintindex": 0 },
				"up": {"uv": [14, 9, 15, 10], "rotation": 180, "texture": "#vine", "tintindex": 0 },
				"down": {"uv": [14, 9, 15, 10], "texture": "#vine", "tintindex": 0 }
			}
		},
		{
			"from": [12, 14.5, 6],
			"to": [13, 15.5, 16],
			"rotation": {"angle": 0, "axis": "y", "origin": [8.5, 8, 8]},
			"faces": {
				"north": {"uv": [13, 9, 12, 10], "texture": "#vine", "tintindex": 0 },
				"south": {"uv": [13, 0, 12, 1], "rotation": 180, "texture": "#vine", "tintindex": 0 },
				"west": {"uv": [12, 0, 13, 10], "rotation": 90, "texture": "#vine", "tintindex": 0 },
				"up": {"uv": [12, 0, 13, 10], "rotation": 180, "texture": "#vine", "tintindex": 0 },
				"down": {"uv": [12, 0, 13, 10], "texture": "#vine", "tintindex": 0 }
			}
		},
		{
			"from": [14, 14.5, 10],
			"to": [16, 15.5, 11],
			"rotation": {"angle": 0, "axis": "y", "origin": [8.5, 8, 8]},
			"faces": {
				"north": {"uv": [16, 5, 14, 6], "texture": "#vine", "tintindex": 0 },
				"east": {"uv": [14, 5, 16, 6], "rotation": 270, "texture": "#vine", "tintindex": 0 },
				"south": {"uv": [16, 5, 14, 6], "rotation": 180, "texture": "#vine", "tintindex": 0 },
				"up": {"uv": [14, 5, 16, 6], "rotation": 180, "texture": "#vine", "tintindex": 0 },
				"down": {"uv": [14, 5, 16, 6], "texture": "#vine", "tintindex": 0 }
			}
		},
		{
			"from": [14, 14.5, 14],
			"to": [15, 15.5, 16],
			"rotation": {"angle": 0, "axis": "y", "origin": [8.5, 8, 8]},
			"faces": {
				"north": {"uv": [15, 0, 14, 2], "texture": "#vine", "tintindex": 0 },
				"east": {"uv": [14, 0, 15, 2], "rotation": 270, "texture": "#vine", "tintindex": 0 },
				"south": {"uv": [15, 0, 14, 2], "rotation": 180, "texture": "#vine", "tintindex": 0 },
				"up": {"uv": [14, 0, 15, 2], "rotation": 180, "texture": "#vine", "tintindex": 0 },
				"down": {"uv": [14, 0, 15, 2], "texture": "#vine", "tintindex": 0 }
			}
		},
		{
			"from": [13, 14.5, 6],
			"to": [14, 15.5, 16],
			"rotation": {"angle": 0, "axis": "y", "origin": [8.5, 8, 8]},
			"faces": {
				"north": {"uv": [14, 9, 13, 10], "texture": "#vine", "tintindex": 0 },
				"east": {"uv": [13, 0, 14, 10], "rotation": 270, "texture": "#vine", "tintindex": 0 },
				"south": {"uv": [14, 0, 13, 1], "rotation": 180, "texture": "#vine", "tintindex": 0 },
				"up": {"uv": [13, 0, 14, 10], "rotation": 180, "texture": "#vine", "tintindex": 0 },
				"down": {"uv": [13, 0, 14, 10], "texture": "#vine", "tintindex": 0 }
			}
		},
		{
			"from": [11, 14.5, 11],
			"to": [12, 15.5, 16],
			"rotation": {"angle": 0, "axis": "y", "origin": [8.5, 8, 8]},
			"faces": {
				"north": {"uv": [12, 4, 11, 5], "texture": "#vine", "tintindex": 0 },
				"south": {"uv": [12, 0, 11, 1], "rotation": 180, "texture": "#vine", "tintindex": 0 },
				"west": {"uv": [11, 0, 12, 5], "rotation": 90, "texture": "#vine", "tintindex": 0 },
				"up": {"uv": [11, 0, 12, 5], "rotation": 180, "texture": "#vine", "tintindex": 0 },
				"down": {"uv": [11, 0, 12, 5], "texture": "#vine", "tintindex": 0 }
			}
		},
		{
			"from": [10, 14.5, 11],
			"to": [11, 15.5, 14],
			"rotation": {"angle": 0, "axis": "y", "origin": [8.5, 8, 8]},
			"faces": {
				"north": {"uv": [11, 4, 10, 5], "texture": "#vine", "tintindex": 0 },
				"south": {"uv": [11, 2, 10, 3], "rotation": 180, "texture": "#vine", "tintindex": 0 },
				"west": {"uv": [10, 2, 11, 5], "rotation": 90, "texture": "#vine", "tintindex": 0 },
				"up": {"uv": [10, 2, 11, 5], "rotation": 180, "texture": "#vine", "tintindex": 0 },
				"down": {"uv": [10, 2, 11, 5], "texture": "#vine", "tintindex": 0 }
			}
		},
		{
			"from": [9, 14.5, 14],
			"to": [10, 15.5, 16],
			"rotation": {"angle": 0, "axis": "y", "origin": [8.5, 8, 8]},
			"faces": {
				"north": {"uv": [10, 1, 9, 2], "texture": "#vine", "tintindex": 0 },
				"east": {"uv": [9, 0, 10, 2], "rotation": 270, "texture": "#vine", "tintindex": 0 },
				"south": {"uv": [10, 0, 9, 1], "rotation": 180, "texture": "#vine", "tintindex": 0 },
				"west": {"uv": [9, 0, 10, 2], "rotation": 90, "texture": "#vine", "tintindex": 0 },
				"up": {"uv": [9, 0, 10, 2], "rotation": 180, "texture": "#vine", "tintindex": 0 },
				"down": {"uv": [9, 0, 10, 2], "texture": "#vine", "tintindex": 0 }
			}
		},
		{
			"from": [9, 14.5, 10],
			"to": [10, 15.5, 13],
			"rotation": {"angle": 0, "axis": "y", "origin": [8.5, 8, 8]},
			"faces": {
				"north": {"uv": [10, 5, 9, 6], "texture": "#vine", "tintindex": 0 },
				"east": {"uv": [9, 3, 10, 6], "rotation": 270, "texture": "#vine", "tintindex": 0 },
				"south": {"uv": [10, 3, 9, 4], "rotation": 180, "texture": "#vine", "tintindex": 0 },
				"west": {"uv": [9, 3, 10, 6], "rotation": 90, "texture": "#vine", "tintindex": 0 },
				"up": {"uv": [9, 3, 10, 6], "rotation": 180, "texture": "#vine", "tintindex": 0 },
				"down": {"uv": [9, 3, 10, 6], "texture": "#vine", "tintindex": 0 }
			}
		},
		{
			"from": [3, 14.5, 0],
			"to": [4, 15.5, 5],
			"rotation": {"angle": 0, "axis": "y", "origin": [8.5, 8, 8]},
			"faces": {
				"north": {"uv": [4, 15, 3, 16], "texture": "#vine", "tintindex": 0 },
				"south": {"uv": [4, 11, 3, 12], "rotation": 180, "texture": "#vine", "tintindex": 0 },
				"up": {"uv": [3, 11, 4, 16], "rotation": 180, "texture": "#vine", "tintindex": 0 },
				"down": {"uv": [3, 11, 4, 16], "texture": "#vine", "tintindex": 0 }
			}
		},
		{
			"from": [8, 14.5, 8],
			"to": [9, 15.5, 11],
			"rotation": {"angle": 0, "axis": "y", "origin": [8.5, 8, 8]},
			"faces": {
				"north": {"uv": [9, 7, 8, 8], "texture": "#vine", "tintindex": 0 },
				"east": {"uv": [8, 5, 9, 8], "rotation": 270, "texture": "#vine", "tintindex": 0 },
				"south": {"uv": [9, 5, 8, 6], "rotation": 180, "texture": "#vine", "tintindex": 0 },
				"west": {"uv": [8, 5, 9, 8], "rotation": 90, "texture": "#vine", "tintindex": 0 },
				"up": {"uv": [8, 5, 9, 8], "rotation": 180, "texture": "#vine", "tintindex": 0 },
				"down": {"uv": [8, 5, 9, 8], "texture": "#vine", "tintindex": 0 }
			}
		},
		{
			"from": [6, 14.5, 7],
			"to": [7, 15.5, 10],
			"rotation": {"angle": 0, "axis": "y", "origin": [8.5, 8, 8]},
			"faces": {
				"north": {"uv": [7, 8, 6, 9], "texture": "#vine", "tintindex": 0 },
				"east": {"uv": [6, 6, 7, 9], "rotation": 270, "texture": "#vine", "tintindex": 0 },
				"south": {"uv": [7, 6, 6, 7], "rotation": 180, "texture": "#vine", "tintindex": 0 },
				"up": {"uv": [6, 6, 7, 9], "rotation": 180, "texture": "#vine", "tintindex": 0 },
				"down": {"uv": [6, 6, 7, 9], "texture": "#vine", "tintindex": 0 }
			}
		},
		{
			"from": [6, 14.5, 2],
			"to": [7, 15.5, 5],
			"rotation": {"angle": 0, "axis": "y", "origin": [8.5, 8, 8]},
			"faces": {
				"north": {"uv": [7, 11, 6, 14], "texture": "#vine", "tintindex": 0 },
				"east": {"uv": [6, 11, 7, 14], "rotation": 270, "texture": "#vine", "tintindex": 0 },
				"south": {"uv": [7, 11, 6, 14], "rotation": 180, "texture": "#vine", "tintindex": 0 },
				"west": {"uv": [6, 11, 7, 14], "rotation": 90, "texture": "#vine", "tintindex": 0 },
				"up": {"uv": [6, 11, 7, 14], "rotation": 180, "texture": "#vine", "tintindex": 0 },
				"down": {"uv": [6, 11, 7, 14], "texture": "#vine", "tintindex": 0 }
			}
		},
		{
			"from": [6, 14.5, 15],
			"to": [9, 15.5, 16],
			"rotation": {"angle": 0, "axis": "y", "origin": [8.5, 8, 8]},
			"faces": {
				"north": {"uv": [9, 0, 6, 1], "texture": "#vine", "tintindex": 0 },
				"south": {"uv": [9, 0, 6, 1], "rotation": 180, "texture": "#vine", "tintindex": 0 },
				"up": {"uv": [6, 0, 9, 1], "rotation": 180, "texture": "#vine", "tintindex": 0 },
				"down": {"uv": [6, 0, 9, 1], "texture": "#vine", "tintindex": 0 }
			}
		},
		{
			"from": [7, 14.5, 9],
			"to": [8, 15.5, 11],
			"rotation": {"angle": 0, "axis": "y", "origin": [8.5, 8, 8]},
			"faces": {
				"north": {"uv": [8, 5, 7, 7], "texture": "#vine", "tintindex": 0 },
				"south": {"uv": [8, 5, 7, 7], "rotation": 180, "texture": "#vine", "tintindex": 0 },
				"west": {"uv": [7, 5, 8, 7], "rotation": 90, "texture": "#vine", "tintindex": 0 },
				"up": {"uv": [7, 5, 8, 7], "rotation": 180, "texture": "#vine", "tintindex": 0 },
				"down": {"uv": [7, 5, 8, 7], "texture": "#vine", "tintindex": 0 }
			}
		},
		{
			"from": [4, 14.5, 13],
			"to": [5, 15.5, 16],
			"rotation": {"angle": 0, "axis": "y", "origin": [8.5, 8, 8]},
			"faces": {
				"north": {"uv": [5, 2, 4, 3], "texture": "#vine", "tintindex": 0 },
				"east": {"uv": [4, 0, 5, 3], "rotation": 270, "texture": "#vine", "tintindex": 0 },
				"south": {"uv": [5, 0, 4, 1], "rotation": 180, "texture": "#vine", "tintindex": 0 },
				"up": {"uv": [4, 0, 5, 3], "rotation": 180, "texture": "#vine", "tintindex": 0 },
				"down": {"uv": [4, 0, 5, 3], "texture": "#vine", "tintindex": 0 }
			}
		},
		{
			"from": [2, 14.5, 0],
			"to": [3, 15.5, 5],
			"rotation": {"angle": 0, "axis": "y", "origin": [8.5, 8, 8]},
			"faces": {
				"north": {"uv": [3, 15, 2, 16], "texture": "#vine", "tintindex": 0 },
				"south": {"uv": [3, 11, 2, 12], "rotation": 180, "texture": "#vine", "tintindex": 0 },
				"west": {"uv": [2, 11, 3, 16], "rotation": 90, "texture": "#vine", "tintindex": 0 },
				"up": {"uv": [2, 11, 3, 16], "rotation": 180, "texture": "#vine", "tintindex": 0 },
				"down": {"uv": [2, 11, 3, 16], "texture": "#vine", "tintindex": 0 }
			}
		},
		{
			"from": [1, 14.5, 1],
			"to": [2, 15.5, 4],
			"rotation": {"angle": 0, "axis": "y", "origin": [8.5, 8, 8]},
			"faces": {
				"north": {"uv": [2, 14, 1, 15], "texture": "#vine", "tintindex": 0 },
				"south": {"uv": [2, 12, 1, 13], "rotation": 180, "texture": "#vine", "tintindex": 0 },
				"west": {"uv": [1, 12, 2, 15], "rotation": 90, "texture": "#vine", "tintindex": 0 },
				"up": {"uv": [1, 12, 2, 15], "rotation": 180, "texture": "#vine", "tintindex": 0 },
				"down": {"uv": [1, 12, 2, 15], "texture": "#vine", "tintindex": 0 }
			}
		},
		{
			"from": [0, 14.5, 3],
			"to": [1, 15.5, 4],
			"rotation": {"angle": 0, "axis": "y", "origin": [8.5, 8, 8]},
			"faces": {
				"north": {"uv": [1, 12, 0, 13], "texture": "#vine", "tintindex": 0 },
				"south": {"uv": [1, 12, 0, 13], "rotation": 180, "texture": "#vine", "tintindex": 0 },
				"west": {"uv": [0, 12, 1, 13], "rotation": 90, "texture": "#vine", "tintindex": 0 },
				"up": {"uv": [0, 12, 1, 13], "rotation": 180, "texture": "#vine", "tintindex": 0 },
				"down": {"uv": [0, 12, 1, 13], "texture": "#vine", "tintindex": 0 }
			}
		},
		{
			"from": [4, 14.5, 0],
			"to": [5, 15.5, 11],
			"rotation": {"angle": 0, "axis": "y", "origin": [8.5, 8, 8]},
			"faces": {
				"north": {"uv": [5, 15, 4, 16], "texture": "#vine", "tintindex": 0 },
				"east": {"uv": [4, 5, 5, 16], "rotation": 270, "texture": "#vine", "tintindex": 0 },
				"south": {"uv": [5, 5, 4, 6], "rotation": 180, "texture": "#vine", "tintindex": 0 },
				"west": {"uv": [4, 5, 5, 16], "rotation": 90, "texture": "#vine", "tintindex": 0 },
				"up": {"uv": [4, 5, 5, 16], "rotation": 180, "texture": "#vine", "tintindex": 0 },
				"down": {"uv": [4, 5, 5, 16], "texture": "#vine", "tintindex": 0 }
			}
		},
		{
			"from": [5, 14.5, 14],
			"to": [6, 15.5, 16],
			"rotation": {"angle": 0, "axis": "y", "origin": [8.5, 8, 8]},
			"faces": {
				"north": {"uv": [6, 1, 5, 2], "texture": "#vine", "tintindex": 0 },
				"east": {"uv": [5, 0, 6, 2], "rotation": 270, "texture": "#vine", "tintindex": 0 },
				"south": {"uv": [6, 0, 5, 1], "rotation": 180, "texture": "#vine", "tintindex": 0 },
				"up": {"uv": [5, 0, 6, 2], "rotation": 180, "texture": "#vine", "tintindex": 0 },
				"down": {"uv": [5, 0, 6, 2], "texture": "#vine", "tintindex": 0 }
			}
		},
		{
			"from": [3, 14.5, 8],
			"to": [4, 15.5, 16],
			"rotation": {"angle": 0, "axis": "y", "origin": [8.5, 8, 8]},
			"faces": {
				"north": {"uv": [4, 7, 3, 8], "texture": "#vine", "tintindex": 0 },
				"east": {"uv": [3, 0, 4, 8], "rotation": 270, "texture": "#vine", "tintindex": 0 },
				"south": {"uv": [4, 0, 3, 1], "rotation": 180, "texture": "#vine", "tintindex": 0 },
				"west": {"uv": [3, 0, 4, 8], "rotation": 90, "texture": "#vine", "tintindex": 0 },
				"up": {"uv": [3, 0, 4, 8], "rotation": 180, "texture": "#vine", "tintindex": 0 },
				"down": {"uv": [3, 0, 4, 8], "texture": "#vine", "tintindex": 0 }
			}
		},
		{
			"from": [2, 14.5, 9],
			"to": [3, 15.5, 15],
			"rotation": {"angle": 0, "axis": "y", "origin": [8.5, 8, 8]},
			"faces": {
				"north": {"uv": [3, 6, 2, 7], "texture": "#vine", "tintindex": 0 },
				"south": {"uv": [3, 1, 2, 2], "rotation": 180, "texture": "#vine", "tintindex": 0 },
				"west": {"uv": [2, 1, 3, 7], "rotation": 90, "texture": "#vine", "tintindex": 0 },
				"up": {"uv": [2, 1, 3, 7], "rotation": 180, "texture": "#vine", "tintindex": 0 },
				"down": {"uv": [2, 1, 3, 7], "texture": "#vine", "tintindex": 0 }
			}
		},
		{
			"from": [1, 14.5, 12],
			"to": [2, 15.5, 15],
			"rotation": {"angle": 0, "axis": "y", "origin": [8.5, 8, 8]},
			"faces": {
				"north": {"uv": [2, 3, 1, 4], "texture": "#vine", "tintindex": 0 },
				"south": {"uv": [2, 1, 1, 2], "rotation": 180, "texture": "#vine", "tintindex": 0 },
				"west": {"uv": [1, 1, 2, 4], "rotation": 90, "texture": "#vine", "tintindex": 0 },
				"up": {"uv": [1, 1, 2, 4], "rotation": 180, "texture": "#vine", "tintindex": 0 },
				"down": {"uv": [1, 1, 2, 4], "texture": "#vine", "tintindex": 0 }
			}
		},
		{
			"from": [0, 14.5, 8],
			"to": [1, 15.5, 10],
			"rotation": {"angle": 0, "axis": "y", "origin": [8.5, 8, 8]},
			"faces": {
				"north": {"uv": [1, 7, 0, 8], "texture": "#vine", "tintindex": 0 },
				"east": {"uv": [0, 6, 1, 8], "rotation": 270, "texture": "#vine", "tintindex": 0 },
				"south": {"uv": [1, 6, 0, 7], "rotation": 180, "texture": "#vine", "tintindex": 0 },
				"west": {"uv": [0, 6, 1, 8], "rotation": 90, "texture": "#vine", "tintindex": 0 },
				"up": {"uv": [0, 6, 1, 8], "rotation": 180, "texture": "#vine", "tintindex": 0 },
				"down": {"uv": [0, 6, 1, 8], "texture": "#vine", "tintindex": 0 }
			}
		},
		{
			"from": [0, 14.5, 12],
			"to": [1, 15.5, 14],
			"rotation": {"angle": 0, "axis": "y", "origin": [8.5, 8, 8]},
			"faces": {
				"north": {"uv": [1, 2, 0, 4], "texture": "#vine", "tintindex": 0 },
				"south": {"uv": [1, 2, 0, 4], "rotation": 180, "texture": "#vine", "tintindex": 0 },
				"west": {"uv": [0, 2, 1, 4], "rotation": 90, "texture": "#vine", "tintindex": 0 },
				"up": {"uv": [0, 2, 1, 4], "rotation": 180, "texture": "#vine", "tintindex": 0 },
				"down": {"uv": [0, 2, 1, 4], "texture": "#vine", "tintindex": 0 }
			}
		},
		{
			"from": [1, 14.5, 9],
			"to": [2, 15.5, 11],
			"rotation": {"angle": 0, "axis": "y", "origin": [8.5, 8, 8]},
			"faces": {
				"north": {"uv": [2, 5, 1, 7], "texture": "#vine", "tintindex": 0 },
				"south": {"uv": [2, 5, 1, 7], "rotation": 180, "texture": "#vine", "tintindex": 0 },
				"west": {"uv": [1, 5, 2, 7], "rotation": 90, "texture": "#vine", "tintindex": 0 },
				"up": {"uv": [1, 5, 2, 7], "rotation": 180, "texture": "#vine", "tintindex": 0 },
				"down": {"uv": [1, 5, 2, 7], "texture": "#vine", "tintindex": 0 }
			}
		}
	],
	"groups": [
		{
			"name": "group",
			"origin": [8, 8, 0.5],
			"color": 0,
			"children": [0, 1, 2, 3, 4, 5, 6, 7, 8, 9, 10, 11, 12, 13, 14, 15, 16, 17, 18, 19, 20, 21, 22, 23, 24, 25, 26, 27, 28, 29, 30, 31, 32, 33, 34, 35, 36, 37, 38, 39]
		}
	]
}