{
	"credit": "Made with Blockbench",
	"ambientocclusion": false,
	"textures": {
		"1": "blocks/lily_flower",
		"particle": "blocks/waterlily4",
		"texture": "blocks/waterlily4"
	},
	"elements": [
		{
			"from": [0, 0.25, 0],
			"to": [16, 0.25, 16],
			"faces": {
				"up": {"uv": [16, 0, 0, 16], "texture": "#texture", "tintindex": 0},
				"down": {"uv": [16, 16, 0, 0], "texture": "#texture", "tintindex": 0}
			}
		},
		{
			"from": [8.545, 0.174, 4.29988],
			"to": [8.545, 1.334, 7.19988],
			"rotation": {"angle": 0, "axis": "y", "origin": [11.045, 0.754, 6.57488]},
			"faces": {
				"north": {"uv": [0, 0, 0, 3], "texture": "#1"},
				"east": {"uv": [0, 0, 5, 3], "texture": "#1"},
				"south": {"uv": [0, 0, 0, 3], "texture": "#1"},
				"west": {"uv": [0, 0, 5, 3], "texture": "#1"},
				"up": {"uv": [0, 0, 0, 5], "texture": "#1"},
				"down": {"uv": [0, 0, 0, 5], "texture": "#1"}
			}
		},
		{
			"from": [7.095, 0.174, 5.74988],
			"to": [9.995, 1.334, 5.74988],
			"rotation": {"angle": 0, "axis": "y", "origin": [11.045, 0.754, 6.57488]},
			"faces": {
				"north": {"uv": [5, 0, 10, 3], "texture": "#1"},
				"east": {"uv": [0, 0, 0, 3], "texture": "#1"},
				"south": {"uv": [5, 0, 10, 3], "texture": "#1"},
				"west": {"uv": [0, 0, 0, 3], "texture": "#1"},
				"up": {"uv": [0, 0, 0, 5], "rotation": 270, "texture": "#1"},
				"down": {"uv": [0, 0, 0, 5], "rotation": 90, "texture": "#1"}
			}
		}
	]
}